symbol,name,sector,industry,isin,lot_size,fno_eligible
20MICRONS,20 Microns Limited,,,INE144J01027,,False
21STCENMGM,21st Century Management Services Limited,,,INE253B01015,,False
360ONE,360 ONE WAM LIMITED,,,INE466L01038,,False
3BBLACKBIO,3B Blackbio Dx Limited,,,INE994E01018,,False
3MINDIA,3M India Limited,,,INE470A01017,,False
3PLAND,3P Land Holdings Limited,,,INE105C01023,,False
5PAISA,5Paisa Capital Limited,,,INE618L01018,,False
63MOONS,63 moons technologies limited,,,INE111B01023,,False
A2ZINFRA,A2Z Infra Engineering Limited,,,INE619I01012,,False
AAATECH,AAA Technologies Limited,,,INE0D0U01013,,False
AADHARHFC,Aadhar Housing Finance Limited,,,INE883F01010,,False
AAKASH,Aakash Exploration Services Limited,,,INE087Z01024,,False
AAREYDRUGS,Aarey Drugs & Pharmaceuticals Limited,,,INE198H01019,,False
AARON,Aaron Industries Limited,,,INE721Z01010,,False
AARTIDRUGS,Aarti Drugs Limited,,,INE767A01016,,False
AARTIIND,Aarti Industries Limited,,,INE769A01020,,False
AARTIPHARM,Aarti Pharmalabs Limited,,,INE0LRU01027,,False
AARVI,Aarvi Encon Limited,,,INE754X01016,,False
AASTHA,Aastha Spintex Limited,,,INE2FMX01012,,False
AAVAS,Aavas Financiers Limited,,,INE216P01012,,False
ABANSENT,Abans Enterprises Limited,,,INE365O01028,,False
ABB,ABB India Limited,,,INE117A01022,,False
ABBOTINDIA,Abbott India Limited,,,INE358A01014,,False
ABCAPITAL,Aditya Birla Capital Limited,,,INE674K01013,,False
ABCOTS,A B Cotspin India Limited,,,INE08PH01015,,False
ABDL,Allied Blenders and Distillers Limited,,,INE552Z01027,,False
ABFRL,Aditya Birla Fashion and Retail Limited,,,INE647O01011,,False
ABLBL,Aditya Birla Lifestyle Brands Limited,,,INE14LE01019,,False
ABMKNO,ABM Knowledgeware Limited,,,INE850B01026,,False
ABREL,Aditya Birla Real Estate Limited,,,INE055A01016,,False
ABSLAMC,Aditya Birla Sun Life AMC Limited,,,INE404A01024,,False
ACC,ACC Limited,,,INE012A01025,,False
ACCELYA,Accelya Solutions India Limited,,,INE793A01012,,False
ACE,Action Construction Equipment Limited,,,INE731H01025,,False
ACEINTEG,Ace Integrated Solutions Limited,,,INE543V01017,,False
ACGL,Automobile Corporation of Goa Limited,,,INE451C01013,,False
ACI,Archean Chemical Industries Limited,,,INE128X01021,,False
ACL,Andhra Cements Limited,,,INE666E01020,,False
ACMESOLAR,Acme Solar Holdings Limited,,,INE622W01025,,False
ACUTAAS,Acutaas Chemicals Limited,,,INE00FF01025,,False
ADANIENSOL,Adani Energy Solutions Limited,,,INE931S01010,,False
ADANIENT,Adani Enterprises Limited,,,INE423A01024,,False
ADANIGREEN,Adani Green Energy Limited,,,INE364U01010,,False
ADANIPORTS,Adani Ports and Special Economic Zone Limited,,,INE742F01042,,False
ADANIPOWER,Adani Power Limited,,,INE814H01029,,False
ADDIND,Addi Industries Limited,,,INE757C01021,,False
ADFFOODS,ADF Foods Limited,,,INE982B01027,,False
ADL,Archidply Decor Limited,,,INE0CHO01012,,False
ADOR,Ador Welding Limited,,,INE045A01017,,False
ADROITINFO,Adroit Infotech Limited,,,INE737B01033,,False
ADSL,Allied Digital Services Limited,,,INE102I01027,,False
ADVAIT,Advait Energy Transitions Limited,,,INE0ALI01010,,False
ADVANCE,Advance Agrolife Limited,,,INE1B0W01010,,False
ADVANIHOTR,Advani Hotels & Resorts (India) Limited,,,INE199C01026,,False
ADVENTHTL,Advent Hotels International Limited,,,INE28GN01010,,False
ADVENZYMES,Advanced Enzyme Technologies Limited,,,INE837H01020,,False
ADVIKCA,Advik Capital Limited,,,INE178T01024,,False
AEGISLOG,Aegis Logistics Limited,,,INE208C01025,,False
AEGISVOPAK,Aegis Vopak Terminals Limited,,,INE0INX01018,,False
AEPL,Artemis Electricals and Projects Limited,,,INE757T01025,,False
AEQUS,Aequs Limited,,,INE947N01017,,False
AEROENTER,Aeroflex Enterprises Limited,,,INE065D01027,,False
AEROFLEX,Aeroflex Industries Limited,,,INE024001021,,False
AERONEU,Aeroflex Neu Limited,,,INE035801013,,False
AEROPLANE,Amir Chand Jagdish Kumar (Exports) Limited,,,INE05TO01019,,False
AETHER,Aether Industries Limited,,,INE0BWX01014,,False
AFCONS,Afcons Infrastructure Limited,,,INE101I01011,,False
AFFLE,Affle 3i Limited,,,INE00WC01027,,False
AFFORDABLE,Affordable Robotic & Automation Limited,,,INE692Z01013,,False
AFIL,Akme Fintrade (India) Limited,,,INE916Y01027,,False
AFSL,Abans Financial Services Limited,,,INE00ZE01026,,False
AGARIND,Agarwal Industrial Corporation Limited,,,INE204E01012,,False
AGARWALEYE,Dr. Agarwal's Health Care Limited,,,INE943P01029,,False
AGI,AGI Greenpac Limited,,,INE415A01038,,False
AGIIL,Agi Infra Limited,,,INE976R01033,,False
AGL,Allcargo Global Limited,,,INE1YPB01014,,False
AGRITECH,Agri-Tech (India) Limited,,,INE449G01018,,False
AGROPHOS,Agro Phos India Limited,,,INE740V01019,,False
AHCL,Anlon Healthcare Limited,,,INE0Y8W01025,,False
AHLADA,Ahlada Engineers Limited,,,INE00PV01013,,False
AHLEAST,Asian Hotels (East) Limited,,,INE926K01017,,False
AHLUCONT,Ahluwalia Contracts (India) Limited,,,INE758C01029,,False
AIAENG,AIA Engineering Limited,,,INE212H01026,,False
AIIL,Authum Investment & Infrastructure Limited,,,INE206F01022,,False
AIRAN,Airan Limited,,,INE645W01026,,False
AIROLAM,Airo Lam limited,,,INE801L01010,,False
AJANTPHARM,Ajanta Pharma Limited,,,INE031B01049,,False
AJAXENGG,Ajax Engineering Limited,,,INE274Y01021,,False
AJMERA,Ajmera Realty & Infra India Limited,,,INE298G01035,,False
AJOONI,Ajooni Biotech Limited,,,INE820Y01021,,False
AKASH,Akash Infra-Projects Limited,,,INE737W01013,,False
AKCAPIT,AK Capital Services Limited,,,INE701G01012,,False
AKG,Akg Exim Limited,,,INE00Y801016,,False
AKSHAR,Akshar Spintex Limited,,,INE256Z01025,,False
AKUMS,Akums Drugs and Pharmaceuticals Limited,,,INE09XN01023,,False
ALANKIT,Alankit Limited,,,INE914E01040,,False
ALBERTDAVD,Albert David Limited,,,INE155C01010,,False
ALEMBICLTD,Alembic Limited,,,INE426A01027,,False
ALFREDHE,Alfred Herbert India Limited,,,INE782D01027,,False
ALGOQUANT,Algoquant Fintech Limited,,,INE598D01035,,False
ALICON,Alicon Castalloy Limited,,,INE062D01024,,False
ALIVUS,Alivus Life Sciences Limited,,,INE03Q201024,,False
ALKALI,Alkali Metals Limited,,,INE773I01017,,False
ALKEM,Alkem Laboratories Limited,,,INE540L01014,,False
ALKYLAMINE,Alkyl Amines Chemicals Limited,,,INE150B01039,,False
ALLCARGO,Allcargo Logistics Limited,,,INE418H01029,,False
ALLDIGI,Alldigi Tech Limited,,,INE835G01018,,False
ALLTIME,All Time Plastics Limited,,,INE0GV601021,,False
ALMONDZ,Almondz Global Securities Limited,,,INE326B01035,,False
ALOKINDS,Alok Industries Limited,,,INE270A01029,,False
ALPA,Alpa Laboratories Limited,,,INE385I01010,,False
ALPINETEX,Alpine Texworld Limited,,,INE1JCQ01037,,False
ALUFLUOR,Alufluoride Limited,,,INE058F01019,,False
AMAGI,Amagi Media Labs Limited,,,INE121R01077,,False
AMAL,Amal Limited,,,INE841D01013,,False
AMARJOTHI,Amarjothi Spinning Mills Limited,,,INE484D01012,,False
AMBER,Amber Enterprises India Limited,,,INE371P01015,,False
AMBICAAGAR,Ambica Agarbathies & Aroma industries Limited,,,INE792B01012,,False
AMBIKCO,Ambika Cotton Mills Limited,,,INE540G01014,,False
AMBUJACEM,Ambuja Cements Limited,,,INE079A01024,,False
AMJLAND,Amj Land Holdings Limited,,,INE606A01024,,False
AMNPLST,Amines & Plasticizers Limited,,,INE275D01022,,False
AMRUTANJAN,Amrutanjan Health Care Limited,,,INE098F01031,,False
ANANDRATHI,Anand Rathi Wealth Limited,,,INE463V01026,,False
ANANTRAJ,Anant Raj Limited,,,INE242C01024,,False
ANDHRAPAP,ANDHRA PAPER LIMITED,,,INE435A01051,,False
ANDHRSUGAR,The Andhra Sugars Limited,,,INE715B01021,,False
ANDREWYU,Andrew Yule & Company Limited,,,INE449C01025,,False
ANGELONE,Angel One Limited,,,INE732I01021,,False
ANIKINDS,Anik Industries Limited,,,INE087B01017,,False
ANNAPURNA,Annapurna Swadisht Limited,,,INE0MGM01017,,False
ANNU,Annu Projects Limited,,,INE103001017,,False
ANSALBU,Ansal Buildwell Limited,,,INE030C01015,,False
ANTELOPUS,Antelopus Selan Energy Limited,,,INE818A01017,,False
ANTGRAPHIC,Antarctica Limited,,,INE414B01021,,False
ANTHEM,Anthem Biosciences Limited,,,INE0CZ201020,,False
ANUHPHR,Anuh Pharma Limited,,,INE489G01022,,False
ANUP,The Anup Engineering Limited,,,INE294Z01018,,False
ANURAS,Anupam Rasayan India Limited,,,INE930P01018,,False
APARINDS,Apar Industries Limited,,,INE372A01015,,False
APCL,Anjani Portland Cement Limited,,,INE071F01012,,False
APCOTEXIND,Apcotex Industries Limited,,,INE116A01032,,False
APEX,Apex Frozen Foods Limited,,,INE346W01013,,False
APLAPOLLO,APL Apollo Tubes Limited,,,INE702C01027,,False
APLLTD,Alembic Pharmaceuticals Limited,,,INE901L01018,,False
APOLLO,Apollo Micro Systems Limited,,,INE713T01028,,False
APOLLOHOSP,Apollo Hospitals Enterprise Limited,,,INE437A01024,,False
APOLLOPIPE,Apollo Pipes Limited,,,INE126J01016,,False
APOLLOTYRE,Apollo Tyres Limited,,,INE438A01022,,False
APOLSINHOT,Apollo Sindoori Hotels Limited,,,INE451F01024,,False
APOORVA,Apoorva Leasing Finance and Investment Company Limited,,,INE217S01014,,False
APTUS,Aptus Value Housing Finance India Limited,,,INE852O01025,,False
AQYLON,Aqylon Nexus Limited,,,INE416A01051,,False
ARCHIDPLY,Archidply Industries Limited,,,INE877I01016,,False
ARCHIES,Archies Limited,,,INE731A01020,,False
ARCIL,Asset Reconstruction Company (India) Limited,,,INE148G01016,,False
ARCL,ARCL Organics Limited,,,INE372M01010,,False
ARDEE,Ardee Industries Limited,,,INE0XNF01022,,False
ARE&M,Amara Raja Energy & Mobility Limited,,,INE885A01032,,False
ARENTERP,Rajdarshan Industries Limited,,,INE610C01014,,False
ARFIN,Arfin India Limited,,,INE784R01023,,False
ARIHANT,Arihant Foundations & Housing Limited,,,INE413D01011,,False
ARIHANTCAP,Arihant Capital Markets Limited,,,INE420B01036,,False
ARIHANTSUP,Arihant Superstructures Limited,,,INE643K01018,,False
ARIS,Arisinfra Solutions Limited,,,INE0H9P01028,,False
ARKADE,Arkade Developers Limited,,,INE0QRL01017,,False
ARMANFIN,Arman Financial Services Limited,,,INE109C01017,,False
AROGRANITE,Aro Granite Industries Limited,,,INE210C01013,,False
ARROWGREEN,Arrow Greentech Limited,,,INE570D01018,,False
ARSSBL,Anand Rathi Share and Stock Brokers Limited,,,INE549H01021,,False
ARTEMISMED,Artemis Medicare Services Limited,,,INE025R01021,,False
ARTNIRMAN,Art Nirman Limited,,,INE738V01013,,False
ARVEE,Arvee Laboratories (India) Limited,,,INE006Z01016,,False
ARVIND,Arvind Limited,,,INE034A01011,,False
ARVINDFASN,Arvind Fashions Limited,,,INE955V01021,,False
ARVSMART,Arvind SmartSpaces Limited,,,INE034S01021,,False
ARYAMAN,Aryaman Financial Services Limited,,,INE032E01017,,False
ASAHIINDIA,Asahi India Glass Limited,,,INE439A01020,,False
ASAL,Automotive Stampings and Assemblies Limited,,,INE900C01027,,False
ASALCBR,Associated Alcohols & Breweries Ltd.,,,INE073G01016,,False
ASHAPURMIN,Ashapura Minechem Limited,,,INE348A01023,,False
ASHIANA,Ashiana Housing Limited,,,INE365D01021,,False
ASHIMASYN,Ashima Limited,,,INE440A01010,,False
ASHOKA,Ashoka Buildcon Limited,,,INE442H01029,,False
ASHOKAMET,Ashoka Metcast Limited,,,INE760Y01011,,False
ASHOKLEY,Ashok Leyland Limited,,,INE208A01029,,False
ASIANENE,Asian Energy Services Limited,,,INE276G01015,,False
ASIANHOTNR,Asian Hotels (North) Limited,,,INE363A01022,,False
ASIANPAINT,Asian Paints Limited,,,INE021A01026,,False
ASIANTILES,Asian Granito India Limited,,,INE022I01019,,False
ASIANTNE,Asian Tea & Exports Limited,,,INE822B01017,,False
ASKAUTOLTD,ASK Automotive Limited,,,INE491J01022,,False
ASPINWALL,Aspinwall and Company Limited,,,INE991I01015,,False
ASSAMENT,Assam Entrade Limited,,,INE165G01010,,False
ASTAR,Asian Star Company Limited,,,INE194D01017,,False
ASTEC,Astec LifeSciences Limited,,,INE563J01010,,False
ASTERDM,Aster DM Quality Care Limited,,,INE914M01019,,False
ASTRAL,Astral Limited,,,INE006I01046,,False
ASTRAMICRO,Astra Microwave Products Limited,,,INE386C01029,,False
ASTRAZEN,AstraZeneca Pharma India Limited,,,INE203A01020,,False
ATALREAL,Atal Realtech Limited,,,INE0ALR01029,,False
ATAM,Atam Valves Limited,,,INE09KD01013,,False
ATGL,Adani Total Gas Limited,,,INE399L01023,,False
ATHERENERG,Ather Energy Limited,,,INE0LEZ01016,,False
ATL,Allcargo Terminals Limited,,,INE0NN701020,,False
ATLANTAA,ATLANTAA LIMITED,,,INE285H01022,,False
ATLANTAELE,Atlanta Electricals Limited,,,INE0Z4F01028,,False
ATLASCYCLE,Atlas Cycles (Haryana) Limited,,,INE446A01025,,False
ATUL,Atul Limited,,,INE100A01010,,False
ATULAUTO,Atul Auto Limited,,,INE951D01028,,False
AUBANK,AU Small Finance Bank Limited,,,INE949L01017,,False
AUGMONT,Augmont Enterprises Limited,,,INE16W401027,,False
AURIONPRO,Aurionpro Solutions Limited,,,INE132H01018,,False
AUROPHARMA,Aurobindo Pharma Limited,,,INE406A01037,,False
AURUM,Aurum PropTech Limited,,,INE898S01029,,False
AURUS,AURUS GEM CORPORATION LIMITED,,,INE142K01011,,False
AUSOMENT,Ausom Enterprise Limited,,,INE218C01016,,False
AUSTENG,Austin Engineering Company  Limited,,,INE759F01012,,False
AUTOAXLES,Automotive Axles Limited,,,INE449A01011,,False
AUTOIND,Autoline Industries Limited,,,INE718H01014,,False
AVADHSUGAR,Avadh Sugar & Energy Limited,,,INE349W01017,,False
AVALON,Avalon Technologies Limited,,,INE0LCL01028,,False
AVANCE,Avance Technologies Limited,,,INE758A01072,,False
AVANTEL,Avantel Limited,,,INE005B01027,,False
AVANTIFEED,Avanti Feeds Limited,,,INE871C01038,,False
AVL,Aditya Vision Limited,,,INE679V01027,,False
AVONMORE,Avonmore Capital & Management Services Limited,,,INE323B01024,,False
AVROIND,AVRO INDIA LIMITED,,,INE652Z01025,,False
AVTNPL,AVT Natural Products Limited,,,INE488D01021,,False
AWFIS,Awfis Space Solutions Limited,,,INE108V01019,,False
AWHCL,Antony Waste Handling Cell Limited,,,INE01BK01022,,False
AWL,AWL Agri Business Limited,,,INE699H01024,,False
AXISBANK,Axis Bank Limited,,,INE238A01034,,False
AXISCADES,AXISCADES Technologies Limited,,,INE555B01013,,False
AXITA,Axita Cotton Limited,,,INE02EZ01022,,False
AXTEL,Axtel Industries Limited,,,INE767C01012,,False
AYE,Aye Finance Limited,,,INE501X01029,,False
AYMSYNTEX,AYM Syntex Limited,,,INE193B01039,,False
AZAD,Azad Engineering Limited,,,INE02IJ01035,,False
AZADIND,Azad India Mobility Limited,,,INE566M01017,,False
BAGFILMS,B.A.G Films and Media Limited,,,INE116D01028,,False
BAIDFIN,Baid Finserv Limited,,,INE020D01022,,False
BAJAJ-AUTO,Bajaj Auto Limited,,,INE917I01010,,False
BAJAJCON,Bajaj Consumer Care Limited,,,INE933K01021,,False
BAJAJELEC,Bajaj Electricals Limited,,,INE193E01025,,False
BAJAJFINSV,Bajaj Finserv Limited,,,INE918I01026,,False
BAJAJHCARE,Bajaj Healthcare Limited,,,INE411U01027,,False
BAJAJHFL,Bajaj Housing Finance Limited,,,INE377Y01014,,False
BAJAJHIND,Bajaj Hindusthan Sugar Limited,,,INE306A01021,,False
BAJAJHLDNG,Bajaj Holdings & Investment Limited,,,INE118A01012,,False
BAJAJINDEF,Indef Manufacturing Limited,,,INE0O9T01021,,False
BAJAJST,Bajaj Steel Industries Limited,,,INE704G01024,,False
BAJEL,Bajel Projects Limited,,,INE0KQN01018,,False
BAJFINANCE,Bajaj Finance Limited,,,INE296A01032,,False
BALAJEE,Shree Tirupati Balajee Agro Trading Company Limited,,,INE0S2G01011,,False
BALAJITELE,Balaji Telefilms Limited,,,INE794B01026,,False
BALAMINES,Balaji Amines Limited,,,INE050E01027,,False
BALAXI,BALAXI PHARMACEUTICALS LIMITED,,,INE618N01022,,False
BALKRISHNA,Balkrishna Paper Mills Limited,,,INE875R01011,,False
BALKRISIND,Balkrishna Industries Limited,,,INE787D01026,,False
BALMLAWRIE,Balmer Lawrie & Company Limited,,,INE164A01016,,False
BALPHARMA,Bal Pharma Limited,,,INE083D01012,,False
BALRAMCHIN,Balrampur Chini Mills Limited,,,INE119A01028,,False
BALUFORGE,Balu Forge Industries Limited,,,INE011E01029,,False
BANARBEADS,Banaras Beads Limited,,,INE655B01011,,False
BANARISUG,Bannari Amman Sugars Limited,,,INE459A01010,,False
BANCOINDIA,Banco Products (I) Limited,,,INE213C01025,,False
BANDHANBNK,Bandhan Bank Limited,,,INE545U01014,,False
BANG,Bang Overseas Limited,,,INE863I01016,,False
BANKA,Banka BioLoo Limited,,,INE862Y01015,,False
BANKBARODA,Bank of Baroda,,,INE028A01039,,False
BANKINDIA,Bank of India,,,INE084A01016,,False
BANSALWIRE,Bansal Wire Industries Limited,,,INE0B9K01025,,False
BANSWRAS,Banswara Syntex Limited,,,INE629D01020,,False
BASF,BASF India Limited,,,INE373A01013,,False
BATAINDIA,Bata India Limited,,,INE176A01028,,False
BATLIBOI,Batliboi Limited,,,INE177C01022,,False
BAYERCROP,Bayer Cropscience Limited,,,INE462A01022,,False
BBL,Bharat Bijlee Limited,,,INE464A01036,,False
BBOX,Black Box Limited,,,INE676A01027,,False
BBTC,The Bombay Burmah Trading Corporation Limited,,,INE050A01025,,False
BBTCL,B&B Triplewall Containers Limited,,,INE01EE01011,,False
BCG,Brightcom Group Limited,,,INE425B01027,,False
BCLIND,Bcl Industries Limited,,,INE412G01024,,False
BCONCEPTS,Brand Concepts Limited,,,INE977Y01011,,False
BCPL,BCPL Railway Infrastructure Limited,,,INE00SW01015,,False
BDL,Bharat Dynamics Limited,,,INE171Z01026,,False
BEARDSELL,Beardsell Limited,,,INE520H01022,,False
BECTORFOOD,Mrs. Bectors Food Specialities Limited,,,INE495P01020,,False
BEDMUTHA,Bedmutha Industries Limited,,,INE844K01012,,False
BEEKAY,Beekay Steel Industries Limited,,,INE213D01015,,False
BEL,Bharat Electronics Limited,,,INE263A01024,,False
BELLACASA,Bella Casa Fashion & Retail Limited,,,INE344T01014,,False
BELRISE,Belrise Industries Limited,,,INE894V01022,,False
BEML,BEML Limited,,,INE258A01024,,False
BENARAS,Benares Hotels Limited,,,INE664D01019,,False
BENGALASM,Bengal & Assam Company Limited,,,INE083K01017,,False
BEPL,Bhansali Engineering Polymers Limited,,,INE922A01025,,False
BERGEPAINT,Berger Paints (I) Limited,,,INE463A01038,,False
BESTAGRO,Best Agrolife Limited,,,INE052T01021,,False
BETA,Beta Drugs Limited,,,INE351Y01019,,False
BFINVEST,BF Investment Limited,,,INE878K01010,,False
BFUTILITIE,BF Utilities Limited,,,INE243D01012,,False
BHAGCHEM,Bhagiradha Chemicals & Industries Limited,,,INE414D01027,,False
BHAGYANGR,Bhagyanagar India Limited,,,INE458B01036,,False
BHANDARI,Bhandari Hosiery Exports Limited,,,INE474E01029,,False
BHARATCOAL,Bharat Coking Coal Limited,,,INE05XR01022,,False
BHARATFORG,Bharat Forge Limited,,,INE465A01025,,False
BHARATRAS,Bharat Rasayan Limited,,,INE838B01021,,False
BHARATSE,Bharat Seats Limited,,,INE415D01024,,False
BHARATWIRE,Bharat Wire Ropes Limited,,,INE316L01019,,False
BHARTIARTL,Bharti Airtel Limited,,,INE397D01024,,False
BHARTIHEXA,Bharti Hexacom Limited,,,INE343G01021,,False
BHEL,Bharat Heavy Electricals Limited,,,INE257A01026,,False
BIGBLOC,Bigbloc Construction Limited,,,INE412U01025,,False
BIKAJI,Bikaji Foods International Limited,,,INE00E101023,,False
BIL,Bhartiya International Limited,,,INE828A01016,,False
BIMETAL,Bimetal Bearings Limited,,,INE469A01019,,False
BIOCON,Biocon Limited,,,INE376G01013,,False
BIOFILCHEM,Biofil Chemicals & Pharmaceuticals Limited,,,INE829A01014,,False
BIRLACABLE,Birla Cable Limited,,,INE800A01015,,False
BIRLACORPN,Birla Corporation Limited,,,INE340A01012,,False
BIRLAMONEY,Aditya Birla Money Limited,,,INE865C01022,,False
BIRLANU,BirlaNu Limited,,,INE557A01011,,False
BLACKBUCK,BLACKBUCK LIMITED,,,INE0UIZ01018,,False
BLAL,BEML Land Assets Limited,,,INE0N7W01012,,False
BLBLIMITED,BLB Limited,,,INE791A01024,,False
BLEL,Behari Lal Engineering Limited,,,INE1EEM01017,,False
BLIL,Balmer Lawrie Investments Limited,,,INE525F01025,,False
BLKASHYAP,B. L. Kashyap and Sons Limited,,,INE350H01032,,False
BLS,BLS International Services Limited,,,INE153T01027,,False
BLSE,BLS E-Services Limited,,,INE0NLT01010,,False
BLUECLOUDS,Blue Cloud Softech Solutions Limited,,,INE373T01047,,False
BLUECOAST,Blue Coast Hotels Limited,,,INE472B01011,,False
BLUEDART,Blue Dart Express Limited,,,INE233B01017,,False
BLUEJET,Blue Jet Healthcare Limited,,,INE0KBH01020,,False
BLUESTARCO,Blue Star Limited,,,INE472A01039,,False
BLUESTONE,BlueStone Jewellery and Lifestyle Limited,,,INE304W01038,,False
BLUSPRING,Bluspring Enterprises Limited,,,INE0U4101014,,False
BMWVENTLTD,BMW Ventures Limited,,,INE965W01036,,False
BNAGROCHEM,BN Agrochem Limited,,,INE00HZ01011,,False
BODALCHEM,Bodal Chemicals Limited,,,INE338D01028,,False
BOHRAIND,Bohra Industries Limited,,,INE802W01023,,False
BOMDYEING,Bombay Dyeing & Mfg Company Limited,,,INE032A01023,,False
BONLON,Bonlon Industries Limited,,,INE0B9A01018,,False
BORANA,Borana Weaves Limited,,,INE16SF01016,,False
BOROLTD,Borosil Limited,,,INE02PY01013,,False
BORORENEW,BOROSIL RENEWABLES LIMITED,,,INE666D01022,,False
BOROSCI,Borosil Scientific Limited,,,INE02L001032,,False
BOSCH-HCIL,BOSCH HOME COMFORT INDIA LIMITED,,,INE782A01015,,False
BOSCHLTD,Bosch Limited,,,INE323A01026,,False
BPCL,Bharat Petroleum Corporation Limited,,,INE029A01011,,False
BPL,BPL Limited,,,INE110A01019,,False
BPLPHARMA,Bharat Parenterals Limited,,,INE365Y01019,,False
BRAHMINFRA,Brahmaputra Infrastructure Limited,,,INE320I01017,,False
BRIGADE,Brigade Enterprises Limited,,,INE791I01019,,False
BRIGHOTEL,Brigade Hotel Ventures Limited,,,INE03NU01014,,False
BRIGHTBR,Bright Brothers Limited,,,INE630D01010,,False
BRITANNIA,Britannia Industries Limited,,,INE216A01030,,False
BRNL,Bharat Road Network Limited,,,INE727S01012,,False
BROOKS,Brooks Laboratories Limited,,,INE650L01011,,False
BSE,BSE Limited,,,INE118H01025,,False
BSHSL,Bombay Super Hybrid Seeds Limited,,,INE032Z01020,,False
BSL,BSL Limited,,,INE594B01012,,False
BSOFT,BIRLASOFT LIMITED,,,INE836A01035,,False
BTML,Bodhi Tree Multimedia Limited,,,INE0EEJ01023,,False
BUILDPRO,Shankara Buildpro Limited,,,INE24OJ01011,,False
BUTTERFLY,Butterfly Gandhimathi Appliances Limited,,,INE295F01017,,False
BVCL,Barak Valley Cements Limited,,,INE139I01011,,False
CAMLINFINE,Camlin Fine Sciences Limited,,,INE052I01032,,False
CAMPUS,Campus Activewear Limited,,,INE278Y01022,,False
CAMS,Computer Age Management Services Limited,,,INE596I01020,,False
CANBK,Canara Bank,,,INE476A01022,,False
CANFINHOME,Can Fin Homes Limited,,,INE477A01020,,False
CANHLIFE,Canara HSBC Life Insurance Company Limited,,,INE01TY01017,,False
CANTABIL,Cantabil Retail India Limited,,,INE068L01024,,False
CAPACITE,Capacit'e Infraprojects Limited,,,INE264T01014,,False
CAPILLARY,Capillary Technologies India Limited,,,INE0ILV01024,,False
CAPITALSFB,Capital Small Finance Bank Limited,,,INE646H01017,,False
CAPLIPOINT,Caplin Point Laboratories Limited,,,INE475E01026,,False
CARBORUNIV,Carborundum Universal Limited,,,INE120A01034,,False
CARERATING,CARE Ratings Limited,,,INE752H01013,,False
CARRARO,Carraro India Limited,,,INE0V7W01012,,False
CARTRADE,Cartrade Tech Limited,,,INE290S01011,,False
CARYSIL,CARYSIL LIMITED,,,INE482D01024,,False
CASTROLIND,Castrol India Limited,,,INE172A01027,,False
CCAVENUE,AvenuesAI Limited,,,INE483S01020,,False
CCCL,Consolidated Construction Consortium Limited,,,INE429I01024,,False
CCHHL,Country Club Hospitality & Holidays Limited,,,INE652F01027,,False
CCL,CCL Products (India) Limited,,,INE421D01022,,False
CDSL,Central Depository Services (India) Limited,,,INE736A01011,,False
CEATLTD,CEAT Limited,,,INE482A01020,,False
CEIGALL,Ceigall India Limited,,,INE0AG901020,,False
CEINSYS,Ceinsys Tech Limited,,,INE016Q01014,,False
CELEBRITY,Celebrity Fashions Limited,,,INE185H01016,,False
CELLO,Cello World Limited,,,INE0LMW01024,,False
CEMPRO,Cemindia Projects Limited,,,INE686A01026,,False
CENTENKA,Century Enka Limited,,,INE485A01015,,False
CENTEXT,Century Extrusions Limited,,,INE281A01026,,False
CENTRALBK,Central Bank of India,,,INE483A01010,,False
CENTRUM,Centrum Capital Limited,,,INE660C01027,,False
CENTUM,Centum Electronics Limited,,,INE320B01020,,False
CENTURYPLY,Century Plyboards (India) Limited,,,INE348B01021,,False
CERA,Cera Sanitaryware Limited,,,INE739E01017,,False
CESC,CESC Limited,,,INE486A01021,,False
CEWATER,Concord Enviro Systems Limited,,,INE037Z01029,,False
CGCL,Capri Global Capital Limited,,,INE180C01042,,False
CGPOWER,CG Power and Industrial Solutions Limited,,,INE067A01029,,False
CGVAK,CG Vak Software & Exports Limited,,,INE084D01010,,False
CHALET,Chalet Hotels Limited,,,INE427F01016,,False
CHAMBLFERT,Chambal Fertilizers & Chemicals Limited,,,INE085A01013,,False
CHEMBOND,Chembond Material Technologies Limited,,,INE995D01025,,False
CHEMCRUX,Chemcrux Enterprises Limited,,,INE298W01016,,False
CHEMFAB,Chemfab Alkalis Limited,,,INE783X01023,,False
CHEMPLASTS,Chemplast Sanmar Limited,,,INE488A01050,,False
CHENNPETRO,Chennai Petroleum Corporation Limited,,,INE178A01016,,False
CHEVIOT,Cheviot Company Limited,,,INE974B01016,,False
CHOICEIN,Choice International Limited,,,INE102B01014,,False
CHOLAFIN,Cholamandalam Investment and Finance Company Limited,,,INE121A01024,,False
CHOLAHLDNG,Cholamandalam Financial Holdings Limited,,,INE149A01033,,False
CIEINDIA,CIE Automotive India Limited,,,INE536H01010,,False
CIFL,Capital India Finance Limited,,,INE345H01024,,False
CINELINE,Cineline India Limited,,,INE704H01022,,False
CINEVISTA,Cinevista Limited,,,INE039B01026,,False
CIPLA,Cipla Limited,,,INE059A01026,,False
CLEAN,Clean Science and Technology Limited,,,INE227W01023,,False
CLEANMAX,Clean Max Enviro Energy Solutions Limited,,,INE647U01026,,False
CLEDUCATE,CL Educate Limited,,,INE201M01029,,False
CLSEL,Chaman Lal Setia Exports Limited,,,INE419D01026,,False
CMLL,Caliber Mining and Logistics Limited,,,INE11XY01018,,False
CMPDI,Central Mine Planning & Design Institute Limited,,,INE05HV01027,,False
CMRGREEN,CMR Green Technologies Limited,,,INE00WV01027,,False
CMSINFO,CMS Info Systems Limited,,,INE925R01014,,False
CNL,Creative Newtech Limited,,,INE985W01018,,False
COALINDIA,Coal India Limited,,,INE522F01014,,False
COASTCORP,Coastal Corporation Limited,,,INE377E01024,,False
COCHINSHIP,Cochin Shipyard Limited,,,INE704P01025,,False
COCKERILL,John Cockerill India Limited,,,INE515A01019,,False
COFFEEDAY,Coffee Day Enterprises Limited,,,INE335K01011,,False
COFORGE,Coforge Limited,,,INE591G01025,,False
COHANCE,Cohance Lifesciences Limited,,,INE03QK01018,,False
COLPAL,Colgate Palmolive (India) Limited,,,INE259A01022,,False
COMFINTE,Comfort Intech Limited,,,INE819A01049,,False
COMPEAU,Competent Automobiles Company Limited,,,INE823B01015,,False
COMPUSOFT,Compucom Software Limited,,,INE453B01029,,False
COMSYN,Commercial Syn Bags Limited,,,INE073V01015,,False
CONCOR,Container Corporation of India Limited,,,INE111A01025,,False
CONCORDBIO,Concord Biotech Limited,,,INE338H01029,,False
CONFIPET,Confidence Petroleum India Limited,,,INE552D01024,,False
CONTROLPR,Control Print Limited,,,INE663B01015,,False
CORALFINAC,Coral India Finance & Housing Limited,,,INE558D01021,,False
CORDELIA,Waterways Leisure Tourism Limited,,,INE0LZF01039,,False
CORDSCABLE,Cords Cable Industries Limited,,,INE792I01017,,False
COROMANDEL,Coromandel International Limited,,,INE169A01031,,False
CORONA,CORONA Remedies Limited,,,INE02ZQ01018,,False
COSMOFIRST,COSMO FIRST LIMITED,,,INE757A01017,,False
CPCAP,CP Capital Limited,,,INE521J01018,,False
CPEDU,Career Point Edutech Limited,,,INE0P6P01016,,False
CPL,Captain Polyplast Limited,,,INE536P01021,,False
CPPLUS,Aditya Infotech Limited,,,INE819V01029,,False
CRAFTSMAN,Craftsman Automation Limited,,,INE00LO01017,,False
CRAMC,Canara Robeco Asset Management Company Limited,,,INE218I01013,,False
CRAVATEX,Cravatex Limited,,,INE145E01017,,False
CREATIVEYE,Creative Eye Limited,,,INE230B01021,,False
CREDITACC,CREDITACCESS GRAMEEN LIMITED,,,INE741K01010,,False
CREST,Crest Ventures Limited,,,INE559D01011,,False
CRESTO,CRESTO TECHNO LIMITED,,,INE203Y01012,,False
CRISIL,Crisil Limited,,,INE007A01025,,False
CRIZAC,Crizac Limited,,,INE0S4R01014,,False
CROMPTON,Crompton Greaves Consumer Electricals Limited,,,INE299U01018,,False
CROWN,Crown Lifters Limited,,,INE491V01019,,False
CSBBANK,CSB Bank Limited,,,INE679A01013,,False
CSLFINANCE,CSL Finance Limited,,,INE718F01018,,False
CSM,CSM Technologies Limited,,,INE0ZK601013,,False
CUB,City Union Bank Limited,,,INE491A01021,,False
CUBEXTUB,Cubex Tubings Limited,,,INE144D01012,,False
CUMMINSIND,Cummins India Limited,,,INE298A01020,,False
CUPID,Cupid Limited,,,INE509F01029,,False
CYIENT,Cyient Limited,,,INE136B01020,,False
CYIENTDLM,Cyient DLM Limited,,,INE055S01018,,False
DABUR,Dabur India Limited,,,INE016A01026,,False
DALBHARAT,Dalmia Bharat Limited,,,INE00R701025,,False
DALMIASUG,Dalmia Bharat Sugar and Industries Limited,,,INE495A01022,,False
DAMCAPITAL,Dam Capital Advisors Limited,,,INE284H01025,,False
DANGEE,Dangee Dums Limited,,,INE688Y01022,,False
DATAMATICS,Datamatics Global Services Limited,,,INE365B01017,,False
DATAPATTNS,Data Patterns (India) Limited,,,INE0IX101010,,False
DAVANGERE,Davangere Sugar Company Limited,,,INE179G01029,,False
DBCORP,D.B.Corp Limited,,,INE950I01011,,False
DBEIL,Deepak Builders & Engineers India Limited,,,INE0OPA01027,,False
DBL,Dilip Buildcon Limited,,,INE917M01012,,False
DBOL,Dhampur Bio Organics Limited,,,INE0I3401014,,False
DBREALTY,Valor Estate Limited,,,INE879I01012,,False
DCAL,Dishman Carbogen Amcis Limited,,,INE385W01011,,False
DCBBANK,DCB Bank Limited,,,INE503A01015,,False
DCI,Dc Infotech And Communication Limited,,,INE0A1101019,,False
DCM,DCM  Limited,,,INE498A01018,,False
DCMFINSERV,DCM Financial Services Limited,,,INE891B01012,,False
DCMNVL,DCM Nouvelle Limited,,,INE08KP01019,,False
DCMSHRIRAM,DCM Shriram Limited,,,INE499A01024,,False
DCMSIL,DCM Shriram International Limited,,,INE0OU201013,,False
DCMSRIND,DCM Shriram Industries Limited,,,INE843D01027,,False
DCW,DCW Limited,,,INE500A01029,,False
DCXINDIA,DCX Systems Limited,,,INE0KL801015,,False
DDEVPLSTIK,Ddev Plastiks Industries Limited,,,INE0HR601026,,False
DECCANCE,Deccan Cements Limited,,,INE583C01021,,False
DECNGOLD,Deccan Gold Mines Limited,,,INE945F01025,,False
DEEDEV,DEE Development Engineers Limited,,,INE841L01016,,False
DEEP,Deep Polymers Limited,,,INE00IY01012,,False
DEEPA,Deepa Jewellers Limited,,,INE1M2N01020,,False
DEEPAKFERT,Deepak Fertilizers and Petrochemicals Corporation Limited,,,INE501A01019,,False
DEEPAKNTR,Deepak Nitrite Limited,,,INE288B01029,,False
DEEPINDS,Deep Industries Limited,,,INE0FHS01024,,False
DELHIVERY,Delhivery Limited,,,INE148O01028,,False
DELTACORP,Delta Corp Limited,,,INE124G01033,,False
DELTAMAGNT,Delta Manufacturing Limited,,,INE393A01011,,False
DEN,Den Networks Limited,,,INE947J01015,,False
DENORA,De Nora India Limited,,,INE244A01016,,False
DENTA,Denta Water and Infra Solutions Limited,,,INE0R4L01018,,False
DEVIT,Dev Information Technology Limited,,,INE060X01034,,False
DEVX,Dev Accelerator Limited,,,INE0VOV01021,,False
DEVYANI,Devyani International Limited,,,INE872J01023,,False
DGCONTENT,Digicontent Limited,,,INE03JI01017,,False
DHAMPURSUG,Dhampur Sugar Mills Limited,,,INE041A01016,,False
DHANBANK,Dhanlaxmi Bank Limited,,,INE680A01011,,False
DHANUKA,Dhanuka Agritech Limited,,,INE435G01025,,False
DHARMAJ,Dharmaj Crop Guard Limited,,,INE00OQ01016,,False
DHATRE,Dhatre Udyog Limited,,,INE715T01031,,False
DHOOTTRANS,Dhoot Transmission Limited,,,INE01NH01023,,False
DHRUV,Dhruv Consultancy Services Limited,,,INE506Z01015,,False
DHUNINV,Dhunseri Investments Limited,,,INE320L01011,,False
DIAMINESQ,Diamines & Chemicals Limited,,,INE591D01014,,False
DIAMONDYD,Prataap Snacks Limited,,,INE393P01035,,False
DICIND,DIC India Limited,,,INE303A01010,,False
DIFFNKG,Diffusion Engineers Limited,,,INE184O01015,,False
DIGIDRIVE,Digidrive Distributors Limited,,,INE0PSC01024,,False
DIGISPICE,DiGiSPICE Technologies Limited,,,INE927C01020,,False
DIGITIDE,Digitide Solutions Limited,,,INE0U4701011,,False
DISAQ,Disa India Limited,,,INE131C01011,,False
DISHTV,Dish TV India Limited,,,INE836F01026,,False
DIVGIITTS,Divgi Torqtransfer Systems Limited,,,INE753U01022,,False
DIVISLAB,Divi's Laboratories Limited,,,INE361B01024,,False
DIXON,Dixon Technologies (India) Limited,,,INE935N01020,,False
DJML,DJ Mediaprint & Logistics Limited,,,INE0B1K01014,,False
DLF,DLF Limited,,,INE271C01023,,False
DLINKINDIA,D-Link (India) Limited,,,INE250K01012,,False
DMART,Avenue Supermarts Limited,,,INE192R01011,,False
DMCC,DMCC SPECIALITY CHEMICALS LIMITED,,,INE505A01010,,False
DNAMEDIA,Diligent Media Corporation Limited,,,INE016M01021,,False
DODLA,Dodla Dairy Limited,,,INE021O01019,,False
DOLATALGO,Dolat Algotech Limited,,,INE966A01022,,False
DOLLAR,Dollar Industries Limited,,,INE325C01035,,False
DOLLEX,Dollex Agrotech Limited,,,INE0JHH01011,,False
DOLPHIN,Dolphin Offshore Enterprises (India) Limited,,,INE920A01037,,False
DOMS,DOMS Industries Limited,,,INE321T01012,,False
DONEAR,Donear Industries Limited,,,INE668D01028,,False
DPABHUSHAN,D. P. Abhushan Limited,,,INE266Y01019,,False
DRAGARWQ,Dr Agarwals Eye Hospital Limited,,,INE934C01018,,False
DRCSYSTEMS,DRC Systems India Limited,,,INE03RS01027,,False
DREAMFOLKS,Dreamfolks Services Limited,,,INE0JS101016,,False
DREDGECORP,Dredging Corporation of India Limited,,,INE506A01018,,False
DRREDDY,Dr. Reddy's Laboratories Limited,,,INE089A01031,,False
DSSL,Dynacons Systems & Solutions Limited,,,INE417B01040,,False
DUCON,Ducon Infratechnologies Limited,,,INE741L01018,,False
DVL,Dhunseri Ventures Limited,,,INE477B01010,,False
DWARKESH,Dwarikesh Sugar Industries Limited,,,INE366A01041,,False
DYCL,Dynamic Cables Limited,,,INE600Y01019,,False
DYNAMATECH,Dynamatic Technologies Limited,,,INE221B01012,,False
DYNPRO,Dynemic Products Limited,,,INE256H01015,,False
EASEMYTRIP,Easy Trip Planners Limited,,,INE07O001026,,False
EASTWEST,East West Freight Carriers Limited,,,INE595R01023,,False
EBGNG,GNG Electronics Limited,,,INE18JU01028,,False
ECLERX,eClerx Services Limited,,,INE738I01010,,False
ECORECO,Eco Recycling Limited,,,INE316A01038,,False
ECOSMOBLTY,Ecos (India) Mobility & Hospitality Limited,,,INE06HJ01020,,False
EDELWEISS,Edelweiss Financial Services Limited,,,INE532F01054,,False
EFCIL,EFC (I) Limited,,,INE886D01026,,False
EICHERMOT,Eicher Motors Limited,,,INE066A01021,,False
EIDPARRY,EID Parry India Limited,,,INE126A01031,,False
EIEL,Enviro Infra Engineers Limited,,,INE0LLY01014,,False
EIHAHOTELS,EIH Associated Hotels Limited,,,INE276C01014,,False
EIHOTEL,EIH Limited,,,INE230A01023,,False
EIMCOELECO,Eimco Elecon (India) Limited,,,INE158B01016,,False
EKC,Everest Kanto Cylinder Limited,,,INE184H01027,,False
EKI,EKI Energy Services Limited,,,INE0CPR01018,,False
ELANTAS,Elantas Beck India Limited,,,INE280B01018,,False
ELCIDIN,EL CID Investments Limited,,,INE927X01018,,False
ELDEHSG,Eldeco Housing And Industries Limited,,,INE668G01021,,False
ELECON,Elecon Engineering Company Limited,,,INE205B01031,,False
ELECTCAST,Electrosteel Castings Limited,,,INE086A01029,,False
ELECTHERM,Electrotherm (India) Limited,,,INE822G01016,,False
ELGIEQUIP,Elgi Equipments Limited,,,INE285A01027,,False
ELGIRUBCO,Elgi Rubber Company Limited,,,INE819L01012,,False
ELIN,Elin Electronics Limited,,,INE050401020,,False
ELITECON,Elitecon International Limited,,,INE669R01026,,False
ELLEN,Ellenbarrie Industrial Gases Limited,,,INE236E01022,,False
ELPROINTL,Elpro International Limited,,,INE579B01039,,False
EMAMILTD,Emami Limited,,,INE548C01032,,False
EMAMIREAL,Emami Realty Limited,,,INE778K01012,,False
EMBDL,Embassy Developments Limited,,,INE069I01010,,False
EMCURE,Emcure Pharmaceuticals Limited,,,INE168P01015,,False
EMIL,Electronics Mart India Limited,,,INE02YR01019,,False
EMKAY,Emkay Global Financial Services Limited,,,INE296H01011,,False
EMMVEE,Emmvee Photovoltaic Power Limited,,,INE1C6T01020,,False
EMPIND,Empire Industries Limited,,,INE515H01014,,False
EMPOWER,Empower India Limited,,,INE507F01023,,False
EMSLIMITED,EMS Limited,,,INE0OV601013,,False
EMUDHRA,eMudhra Limited,,,INE01QM01018,,False
ENDURANCE,Endurance Technologies Limited,,,INE913H01037,,False
ENERGYDEV,Energy Development Company Limited,,,INE306C01019,,False
ENGINERSIN,Engineers India Limited,,,INE510A01028,,False
ENIL,Entertainment Network (India) Limited,,,INE265F01028,,False
ENKEIWHEL,Enkei Wheels (India) Limited,,,INE130L01014,,False
ENRIN,Siemens Energy India Limited,,,INE1NPP01017,,False
ENTERO,Entero Healthcare Solutions Limited,,,INE010601016,,False
EPACK,EPACK Durable Limited,,,INE0G5901015,,False
EPACKPEB,EPack Prefab Technologies Limited,,,INE0MLS01022,,False
EPIGRAL,Epigral Limited,,,INE071N01016,,False
EPL,EPL Limited,,,INE255A01020,,False
EQUITASBNK,Equitas Small Finance Bank Limited,,,INE063P01018,,False
ERIS,Eris Lifesciences Limited,,,INE406M01024,,False
ESABINDIA,Esab India Limited,,,INE284A01012,,False
ESCORTS,Escorts Kubota Limited,,,INE042A01014,,False
ESDS,ESDS Software Solution Limited,,,INE0DRI01029,,False
ESSARSHPNG,Essar Shipping Limited,,,INE122M01019,,False
ESSENTIA,Integra Essentia Limited,,,INE418N01035,,False
ESTER,Ester Industries Limited,,,INE778B01029,,False
ETERNAL,ETERNAL LIMITED,,,INE758T01015,,False
ETHOSLTD,Ethos Limited,,,INE04TZ01018,,False
EUREKAFORB,Eureka Forbes Limited,,,INE0KCE01017,,False
EUROBOND,Euro Panel Products Limited,,,INE505V01016,,False
EUROPRATIK,Euro Pratik Sales Limited,,,INE198501012,,False
EVEREADY,Eveready Industries India Limited,,,INE128A01029,,False
EXCELINDUS,Excel Industries Limited,,,INE369A01029,,False
EXCELSOFT,Excelsoft Technologies Limited,,,INE606N01019,,False
EXICOM,Exicom Tele-Systems Limited,,,INE777F01014,,False
EXIDEIND,Exide Industries Limited,,,INE302A01020,,False
EXPLEOSOL,Expleo Solutions Limited,,,INE201K01015,,False
EXXARO,Exxaro Tiles Limited,,,INE0GFE01026,,False
FABTECH,Fabtech Technologies Limited,,,INE0HF201011,,False
FACT,Fertilizers and Chemicals Travancore Limited,,,INE188A01015,,False
FAZE3Q,Faze Three Limited,,,INE963C01033,,False
FCL,Fineotex Chemical Limited,,,INE045J01034,,False
FCSSOFT,FCS Software Solutions Limited,,,INE512B01022,,False
FDC,FDC Limited,,,INE258B01022,,False
FEDDERSHOL,Fedders Holding Limited,,,INE417D01020,,False
FEDERALBNK,The Federal Bank  Limited,,,INE171A01029,,False
FEDFINA,Fedbank Financial Services Limited,,,INE007N01010,,False
FERMENTA,Fermenta Biotech Limited,,,INE225B01021,,False
FIBERWEB,Fiberweb (India) Limited,,,INE296C01020,,False
FIEMIND,Fiem Industries Limited,,,INE737H01014,,False
FILATEX,Filatex India Limited,,,INE816B01035,,False
FILATFASH,Filatex Fashions Limited,,,INE185E01021,,False
FINCABLES,Finolex Cables Limited,,,INE235A01022,,False
FINEORG,Fine Organic Industries Limited,,,INE686Y01026,,False
FINKURVE,Finkurve Financial Services Limited,,,INE734I01027,,False
FINOPB,Fino Payments Bank Limited,,,INE02NC01014,,False
FINPIPE,Finolex Industries Limited,,,INE183A01024,,False
FIRSTCRY,Brainbees Solutions Limited,,,INE02RE01045,,False
FISCHER,Fischer Medical Ventures Limited,,,INE771F01041,,False
FIVESTAR,Five-Star Business Finance Limited,,,INE128S01021,,False
FLAIR,Flair Writing Industries Limited,,,INE00Y201027,,False
FLUOROCHEM,Gujarat Fluorochemicals Limited,,,INE09N301011,,False
FMGOETZE,Federal-Mogul Goetze (India) Limited.,,,INE529A01010,,False
FMNL,Future Market Networks Limited,,,INE360L01017,,False
FOODSIN,Foods & Inns Limited,,,INE976E01023,,False
FORCEMOT,FORCE MOTORS LTD,,,INE451A01017,,False
FORTIS,Fortis Healthcare Limited,,,INE061F01013,,False
FOSECOIND,Foseco India Limited,,,INE519A01011,,False
FRACTAL,Fractal Analytics Limited,,,INE212S01015,,False
FREDUN,Fredun Pharmaceuticals Limited,,,INE194R01017,,False
FRONTSP,Frontier Springs Limited,,,INE572D01014,,False
FSL,Firstsource Solutions Limited,,,INE684F01012,,False
FUSION,Fusion Finance Limited,,,INE139R01012,,False
GABRIEL,Gabriel India Limited,,,INE524A01029,,False
GAEL,Gujarat Ambuja Exports Limited,,,INE036B01030,,False
GAIL,GAIL (India) Limited,,,INE129A01019,,False
GAJA,Gaja Alternative Asset Management Limited,,,INE18UN01038,,False
GALAPREC,Gala Precision Engineering Limited,,,INE0RE001014,,False
GALAXYSURF,Galaxy Surfactants Limited,,,INE600K01018,,False
GALLANTT,Gallantt Ispat Limited,,,INE297H01019,,False
GANDHAR,Gandhar Oil Refinery (India) Limited,,,INE717W01049,,False
GANDHITUBE,Gandhi Special Tubes Limited,,,INE524B01027,,False
GANECOS,Ganesha Ecosphere Limited,,,INE845D01014,,False
GANESHCP,Ganesh Consumer Products Limited,,,INE652V01016,,False
GANESHHOU,GANESH HOUSING LIMITED,,,INE460C01014,,False
GANGAFORGE,Ganga Forging Limited,,,INE691Z01023,,False
GANGESSECU,Ganges Securities Limited,,,INE335W01016,,False
GARFIBRES,Garware Technical Fibres Limited,,,INE276A01018,,False
GARUDA,Garuda Construction and Engineering Limited,,,INE0JVO01026,,False
GATEWAY,Gateway Distriparks Limited,,,INE079J01017,,False
GAUDIUMIVF,Gaudium IVF and Women Health Limited,,,INE0P8B01020,,False
GAYAHWS,Gayatri Highways Limited,,,INE287Z01012,,False
GAYAPROJ,Gayatri Projects Limited,,,INE336H01023,,False
GCSL,Gretex Corporate Services Limited,,,INE199P01028,,False
GEEKAYWIRE,Geekay Wires Limited,,,INE669X01032,,False
GEMAROMA,Gem Aromatics Limited,,,INE06XZ01023,,False
GENCON,Generic Engineering Construction and Projects Limited,,,INE854S01022,,False
GENESYS,Genesys International Corporation Limited,,,INE727B01026,,False
GENUSPAPER,Genus Paper & Boards Limited,,,INE949P01018,,False
GENUSPOWER,Genus Power Infrastructures Limited,,,INE955D01029,,False
GEOJITFSL,Geojit Financial Services Limited,,,INE007B01023,,False
GESHIP,The Great Eastern Shipping Company Limited,,,INE017A01032,,False
GFLLIMITED,GFL Limited,,,INE538A01037,,False
GHCL,GHCL Limited,,,INE539A01019,,False
GHCLTEXTIL,GHCL Textiles Limited,,,INE0PA801013,,False
GICHSGFIN,GIC Housing Finance Limited,,,INE289B01019,,False
GICRE,General Insurance Corporation of India,,,INE481Y01014,,False
GILLANDERS,Gillanders Arbuthnot & Company Limited,,,INE047B01011,,False
GILLETTE,Gillette India Limited,,,INE322A01010,,False
GIPCL,Gujarat Industries Power Company Limited,,,INE162A01010,,False
GKB,GKB Ophthalmics Limited,,,INE265D01015,,False
GKENERGY,GK Energy Limited,,,INE1AG301022,,False
GKSL,Gujarat Kidney And Super Speciality Limited,,,INE0V0W01025,,False
GKWLIMITED,GKW Limited,,,INE528A01020,,False
GLAND,Gland Pharma Limited,,,INE068V01023,,False
GLASSWALL,Glass Wall Systems (India) Limited,,,INE644Q01039,,False
GLAXO,GlaxoSmithKline Pharmaceuticals Limited,,,INE159A01016,,False
GLENMARK,Glenmark Pharmaceuticals Limited,,,INE935A01035,,False
GLFL,Gujarat Lease Financing Limited,,,INE540A01017,,False
GLOBAL,Global Education Limited,,,INE291W01037,,False
GLOBALE,Globale Tessile Limited,,,INE0URU01010,,False
GLOBALVECT,Global Vectra Helicorp Limited,,,INE792H01019,,False
GLOBE,GLOBE ENTERPRISES (INDIA) LIMITED,,,INE581X01021,,False
GLOBECIVIL,Globe Civil Projects Limited,,,INE0V3U01015,,False
GLOBUSSPR,Globus Spirits Limited,,,INE615I01010,,False
GLOSTERLTD,Gloster Limited,,,INE350Z01018,,False
GLOTTIS,Glottis Limited,,,INE0TQE01026,,False
GMBREW,GM Breweries Limited,,,INE075D01018,,False
GMDCLTD,Gujarat Mineral Development Corporation Limited,,,INE131A01031,,False
GMMPFAUDLR,GMM Pfaudler Limited,,,INE541A01023,,False
GMRAIRPORT,GMR AIRPORTS LIMITED,,,INE776C01039,,False
GMRP&UI,GMR Power and Urban Infra Limited,,,INE0CU601026,,False
GNA,GNA Axles Limited,,,INE934S01014,,False
GNFC,Gujarat Narmada Valley Fertilizers and Chemicals Limited,,,INE113A01013,,False
GNRL,Gujarat Natural Resources Limited,,,INE207H01018,,False
GOACARBON,Goa Carbon Limited,,,INE426D01013,,False
GOCLCORP,GOCL Corporation Limited,,,INE077F01035,,False
GOCOLORS,Go Fashion (India) Limited,,,INE0BJS01011,,False
GODAVARIB,Godavari Biorefineries Limited,,,INE497S01012,,False
GODFRYPHLP,Godfrey Phillips India Limited,,,INE260B01028,,False
GODIGIT,Go Digit General Insurance Limited,,,INE03JT01014,,False
GODREJAGRO,Godrej Agrovet Limited,,,INE850D01014,,False
GODREJCP,Godrej Consumer Products Limited,,,INE102D01028,,False
GODREJIND,Godrej Industries Limited,,,INE233A01035,,False
GODREJPROP,Godrej Properties Limited,,,INE484J01027,,False
GOKEX,Gokaldas Exports Limited,,,INE887G01027,,False
GOKUL,Gokul Refoils and Solvent Limited,,,INE020J01029,,False
GOKULAGRO,Gokul Agro Resources Limited,,,INE314T01033,,False
GOLDIAM,Goldiam International Limited,,,INE025B01025,,False
GOODLUCK,Goodluck India Limited,,,INE127I01024,,False
GOODYEAR,Goodyear India Limited,,,INE533A01012,,False
GOPAL,Gopal Snacks Limited,,,INE0L9R01028,,False
GOYALALUM,Goyal Aluminiums Limited,,,INE705X01026,,False
GPIL,Godawari Power And Ispat limited,,,INE177H01039,,False
GPPL,Gujarat Pipavav Port Limited,,,INE517F01014,,False
GPTHEALTH,GPT Healthcare Limited,,,INE486R01017,,False
GPTINFRA,GPT Infraprojects Limited,,,INE390G01014,,False
GRANDOAK,Grand Oak Canyons Distillery Limited,,,INE926B01016,,False
GRANULES,Granules India Limited,,,INE101D01020,,False
GRAPHITE,Graphite India Limited,,,INE371A01025,,False
GRASIM,Grasim Industries Limited,,,INE047A01021,,False
GRAUWEIL,Grauer & Weil India Limited,,,INE266D01021,,False
GRAVITA,Gravita India Limited,,,INE024L01027,,False
GREAVESCOT,Greaves Cotton Limited,,,INE224A01026,,False
GREENLAM,Greenlam Industries Limited,,,INE544R01021,,False
GREENPANEL,Greenpanel Industries Limited,,,INE08ZM01014,,False
GREENPLY,Greenply Industries Limited,,,INE461C01038,,False
GREENPOWER,Orient Green Power Company Limited,,,INE999K01014,,False
GRINDWELL,Grindwell Norton Limited,,,INE536A01023,,False
GRINFRA,G R Infraprojects Limited,,,INE201P01022,,False
GRMOVER,GRM Overseas Limited,,,INE192H01020,,False
GROBTEA,The Grob Tea Company Limited,,,INE646C01018,,False
GROWW,Billionbrains Garage Ventures Limited,,,INE0HOQ01053,,False
GRPLTD,GRP Limited,,,INE137I01015,,False
GRSE,Garden Reach Shipbuilders & Engineers Limited,,,INE382Z01011,,False
GRWRHITECH,Garware Hi-Tech Films Limited,,,INE291A01017,,False
GSFC,Gujarat State Fertilizers & Chemicals Limited,,,INE026A01025,,False
GSLSU,Global Surfaces Limited,,,INE0JSX01015,,False
GSPCROP,GSP Crop Science Limited,,,INE713R01022,,False
GSS,GSS Infotech Limited,,,INE871H01011,,False
GTECJAINX,G-TEC JAINX EDUCATION LIMITED,,,INE586X01012,,False
GTL,GTL Limited,,,INE043A01012,,False
GTLINFRA,GTL Infrastructure Limited,,,INE221H01019,,False
GTPL,GTPL Hathway Limited,,,INE869I01013,,False
GUFICBIO,Gufic Biosciences Limited,,,INE742B01025,,False
GUJALKALI,Gujarat Alkalies and Chemicals Limited,,,INE186A01019,,False
GUJAPOLLO,Gujarat Apollo Industries Limited,,,INE826C01016,,False
GUJENERGY,GUJARAT ENERGY LIMITED,,,INE844O01030,,False
GUJRAFFIA,Gujarat Raffia Industries Limited,,,INE610B01024,,False
GUJTHEM,Gujarat Themis Biosyn Limited,,,INE942C01045,,False
GULFOILLUB,Gulf Oil Lubricants India Limited,,,INE635Q01029,,False
GULPOLY,Gulshan Polyols Limited,,,INE255D01024,,False
GVPIL,GE Power India Limited,,,INE878A01011,,False
GVT&D,GE Vernova T&D India Limited,,,INE200A01026,,False
GYFTR,Gyftr Limited,,,INE724A01017,,False
HAL,Hindustan Aeronautics Limited,,,INE066F01020,,False
HALDER,Halder Venture Limited,,,INE115S01010,,False
HALEOSLABS,HALEOS LABS LIMITED,,,INE320X01016,,False
HAMPTON,Hampton Sky Realty Limited,,,INE299D01022,,False
HAPPSTMNDS,Happiest Minds Technologies Limited,,,INE419U01012,,False
HAPPYFORGE,Happy Forgings Limited,,,INE330T01021,,False
HARDWYN,Hardwyn India Limited,,,INE626Z01029,,False
HARIOMPIPE,Hariom Pipe Industries Limited,,,INE00EV01017,,False
HARRMALAYA,Harrisons  Malayalam Limited,,,INE544A01019,,False
HARSHA,Harsha Engineers International Limited,,,INE0JUS01029,,False
HATHWAY,Hathway Cable & Datacom Limited,,,INE982F01036,,False
HATSUN,Hatsun Agro Product Limited,,,INE473B01035,,False
HAVELLS,Havells India Limited,,,INE176B01034,,False
HAVISHA,Sri Havisha Hospitality and Infrastructure Limited,,,INE293B01029,,False
HAWKINCOOK,Hawkins Cookers Limited,,,INE979B01015,,False
HAZOOR,Hazoor Multi Projects Limited,,,INE550F01049,,False
HBESD,HB Estate Developers Limited,,,INE640B01021,,False
HBLENGINE,HBL Engineering Limited,,,INE292B01021,,False
HBPOR,HB Portfolio Limited,,,INE638B01025,,False
HBSL,HB Stockholdings Limited,,,INE550B01022,,False
HCC,Hindustan Construction Company Limited,,,INE549A01026,,False
HCG,Healthcare Global Enterprises Limited,,,INE075I01017,,False
HCL-INSYS,HCL Infosystems Limited,,,INE236A01020,,False
HCLTECH,HCL Technologies Limited,,,INE860A01027,,False
HDBFS,HDB Financial Services Limited,,,INE756I01012,,False
HDFCAMC,HDFC Asset Management Company Limited,,,INE127D01025,,False
HDFCBANK,HDFC Bank Limited,,,INE040A01034,,False
HDFCLIFE,HDFC Life Insurance Company Limited,,,INE795G01014,,False
HEADSUP,Heads UP Ventures Limited,,,INE759V01019,,False
HEALTHX,Health X Platform Limited,,,INE019J01013,,False
HECPROJECT,HEC Infra Projects Limited,,,INE558R01013,,False
HEIDELBERG,HeidelbergCement India Limited,,,INE578A01017,,False
HEMIPROP,Hemisphere Properties India Limited,,,INE0AJG01018,,False
HERANBA,Heranba Industries Limited,,,INE694N01015,,False
HERITGFOOD,Heritage Foods Limited,,,INE978A01027,,False
HEROMOTOCO,Hero MotoCorp Limited,,,INE158A01026,,False
HESTERBIO,Hester Biosciences Limited,,,INE782E01017,,False
HEXATRADEX,Hexa Tradex Limited,,,INE750M01017,,False
HEXT,Hexaware Technologies Limited,,,INE093A01041,,False
HGINFRA,H.G. Infra Engineering Limited,,,INE926X01010,,False
HGM,HandsOn Global Management (HGM) Limited,,,INE596H01014,,False
HGS,Hinduja Global Solutions Limited,,,INE170I01016,,False
HIKAL,Hikal Limited,,,INE475B01022,,False
HILINFRA,Highway Infrastructure Limited,,,INE00RL01028,,False
HILTON,Hilton Metal Forging Limited,,,INE788H01017,,False
HIMATSEIDE,Himatsingka Seide Limited,,,INE049A01027,,False
HINDADH,Hindustan Adhesives Limited,,,INE074C01013,,False
HINDALCO,Hindalco Industries Limited,,,INE038A01020,,False
HINDALUMI,Hind Aluminium Industries Limited,,,INE227B01019,,False
HINDCOMPOS,Hindustan Composites Limited,,,INE310C01029,,False
HINDCON,Hindcon Chemicals Limited,,,INE642Y01029,,False
HINDCOPPER,Hindustan Copper Limited,,,INE531E01026,,False
HINDOILEXP,Hindustan Oil Exploration Company Limited,,,INE345A01011,,False
HINDPETRO,Hindustan Petroleum Corporation Limited,,,INE094A01015,,False
HINDUNILVR,Hindustan Unilever Limited,,,INE030A01027,,False
HINDWAREAP,Hindware Home Innovation Limited,,,INE05AN01011,,False
HINDZINC,Hindustan Zinc Limited,,,INE267A01025,,False
HIRECT,Hirect Limited,,,INE835D01023,,False
HISARMETAL,Hisar Metal Industries Limited,,,INE598C01011,,False
HITECH,Hi-Tech Pipes Limited,,,INE106T01025,,False
HLEGLAS,HLE Glascoat Limited,,,INE461D01028,,False
HLVLTD,HLV LIMITED,,,INE102A01024,,False
HMAAGRO,HMA Agro Industries Limited,,,INE0ECP01024,,False
HNDFDS,Hindustan Foods Limited,,,INE254N01026,,False
HOMEFIRST,Home First Finance Company India Limited,,,INE481N01025,,False
HONASA,Honasa Consumer Limited,,,INE0J5401028,,False
HONAUT,Honeywell Automation India Limited,,,INE671A01010,,False
HONDAPOWER,Honda India Power Products Limited,,,INE634A01018,,False
HORIZONIND,Horizon Industrial Parks Limited,,,INE685T01010,,False
HPAL,HP Adhesives Limited,,,INE0GSL01024,,False
HPIL,Hindprakash Industries Limited,,,INE05X901010,,False
HPL,HPL Electric & Power Limited,,,INE495S01016,,False
HRYNSHP,Hariyana Ship Breakers Limited,,,INE400G01011,,False
HSCL,Himadri Speciality Chemical Limited,,,INE019C01026,,False
HTEL,Hy-Tech Engineers Limited,,,INE0LEG01024,,False
HTMEDIA,HT Media Limited,,,INE501G01024,,False
HUBTOWN,Hubtown Limited,,,INE703H01016,,False
HUDCO,Housing & Urban Development Corporation Limited,,,INE031A01017,,False
HUHTAMAKI,Huhtamaki India Limited,,,INE275B01026,,False
HYUNDAI,Hyundai Motor India Limited,,,INE0V6F01027,,False
IBULLSLTD,Indiabulls Limited,,,INE126M01010,,False
ICEMAKE,Ice Make Refrigeration Limited,,,INE520Y01019,,False
ICICIAMC,ICICI Prudential Asset Management Company Limited,,,INE346A01027,,False
ICICIBANK,ICICI Bank Limited,,,INE090A01021,,False
ICICIGI,ICICI Lombard General Insurance Company Limited,,,INE765G01017,,False
ICICIPRULI,ICICI Prudential Life Insurance Company Limited,,,INE726G01019,,False
ICIL,Indo Count Industries Limited,,,INE483B01026,,False
ICRA,ICRA Limited,,,INE725G01011,,False
IDBI,IDBI Bank Limited,,,INE008A01015,,False
IDEA,Vodafone Idea Limited,,,INE669E01016,,False
IDEAFORGE,Ideaforge Technology Limited,,,INE349Y01013,,False
IDFCFIRSTB,IDFC First Bank Limited,,,INE092T01019,,False
IEX,Indian Energy Exchange Limited,,,INE022Q01020,,False
IFBAGRO,IFB Agro Industries Limited,,,INE076C01018,,False
IFBIND,IFB Industries Limited,,,INE559A01017,,False
IFCI,IFCI Limited,,,INE039A01010,,False
IFGLEXPOR,IFGL Refractories Limited,,,INE133Y01011,,False
IGARASHI,Igarashi Motors India Limited,,,INE188B01013,,False
IGCL,Indogulf Cropsciences Limited,,,INE05J901018,,False
IGIL,International Gemological Institute Limited,,,INE0Q9301021,,False
IGL,Indraprastha Gas Limited,,,INE203G01027,,False
IGPL,IG Petrochemicals Limited,,,INE204A01010,,False
IIFL,IIFL Finance Limited,,,INE530B01024,,False
IIFLCAPS,IIFL Capital Services Limited,,,INE489L01022,,False
IITL,Industrial Investment Trust Limited,,,INE886A01014,,False
IKIO,IKIO Technologies Limited,,,INE0LOJ01019,,False
IKS,Inventurus Knowledge Solutions Limited,,,INE115Q01022,,False
IMAGICAA,Imagicaaworld Entertainment Limited,,,INE172N01012,,False
IMFA,Indian Metals & Ferro Alloys Limited,,,INE919H01018,,False
IMPAL,India Motor Parts and Accessories Limited,,,INE547E01014,,False
INA,Insolation Energy Limited,,,INE0LGX01024,,False
INCREDIBLE,INCREDIBLE INDUSTRIES LIMITED,,,INE452L01012,,False
INDBANK,Indbank Merchant Banking Services Limited,,,INE841B01017,,False
INDGN,Indegene Limited,,,INE065X01017,,False
INDHOTEL,The Indian Hotels Company Limited,,,INE053A01029,,False
INDIACEM,The India Cements Limited,,,INE383A01012,,False
INDIAGLYCO,India Glycols Limited,,,INE560A01023,,False
INDIAMART,Indiamart Intermesh Limited,,,INE933S01016,,False
INDIANB,Indian Bank,,,INE562A01011,,False
INDIANCARD,Indian Card Clothing Company Limited,,,INE061A01014,,False
INDIANHUME,Indian Hume Pipe Company Limited,,,INE323C01030,,False
INDIASHLTR,India Shelter Finance Corporation Limited,,,INE922K01024,,False
INDIGO,InterGlobe Aviation Limited,,,INE646L01027,,False
INDIGOPNTS,Indigo Paints Limited,,,INE09VQ01012,,False
INDIQUBE,Indiqube Spaces Limited,,,INE06ST01018,,False
INDNIPPON,India Nippon Electricals Limited,,,INE092B01025,,False
INDOBORAX,Indo Borax & Chemicals Limited,,,INE803D01021,,False
INDOCO,Indoco Remedies Limited,,,INE873D01024,,False
INDOFARM,Indo Farm Equipment Limited,,,INE622H01018,,False
INDOKEM,Indokem Limited,,,INE716F01012,,False
INDOMIM,INDO-MIM Limited,,,INE084101034,,False
INDORAMA,Indo Rama Synthetics (India) Limited,,,INE156A01020,,False
INDOSTAR,IndoStar Capital Finance Limited,,,INE896L01010,,False
INDOTECH,Indo Tech Transformers Limited,,,INE332H01014,,False
INDOTHAI,Indo Thai Securities Limited,,,INE337M01021,,False
INDOUS,Indo Us Biotech Limited,,,INE250Z01010,,False
INDOWIND,Indowind Energy Limited,,,INE227G01018,,False
INDPRUD,Industrial & Prudential Investment Company Limited,,,INE620D01011,,False
INDRAMEDCO,Indraprastha Medical Corporation Limited,,,INE681B01017,,False
INDSWFTLAB,Ind-Swift Laboratories Limited,,,INE915B01019,,False
INDTERRAIN,Indian Terrain Fashions Limited,,,INE611L01021,,False
INDUSINDBK,IndusInd Bank Limited,,,INE095A01012,,False
INDUSTOWER,Indus Towers Limited,,,INE121J01017,,False
INFOBEAN,InfoBeans Technologies Limited,,,INE344S01016,,False
INFOMEDIA,Infomedia Press Limited,,,INE669A01022,,False
INFY,Infosys Limited,,,INE009A01021,,False
INGERRAND,Ingersoll Rand (India) Limited,,,INE177A01018,,False
INNOVACAP,Innova Captab Limited,,,INE0DUT01020,,False
INNOVANA,Innovana Thinklabs Limited,,,INE403Y01018,,False
INNOVISION,Innovision Limited,,,INE0ADB01012,,False
INOXGREEN,Inox Green Energy Services Limited,,,INE510W01014,,False
INOXINDIA,INOX India Limited,,,INE616N01034,,False
INOXWIND,Inox Wind Limited,,,INE066P01011,,False
INSECTICID,Insecticides (India) Limited,,,INE070I01018,,False
INSPIRISYS,Inspirisys Solutions Limited,,,INE020G01017,,False
INTELLECT,Intellect Design Arena Limited,,,INE306R01017,,False
INTENTECH,Intense Technologies Limited,,,INE781A01025,,False
INTERARCH,Interarch Building Solutions Limited,,,INE00M901018,,False
INTLCONV,International Conveyors Limited,,,INE575C01027,,False
INVENTURE,Inventure Growth & Securities Limited,,,INE878H01024,,False
IOB,Indian Overseas Bank,,,INE565A01014,,False
IOC,Indian Oil Corporation Limited,,,INE242A01010,,False
IOLCP,IOL Chemicals and Pharmaceuticals Limited,,,INE485C01029,,False
IONEXCHANG,ION Exchange (India) Limited,,,INE570A01022,,False
IPCALAB,IPCA Laboratories Limited,,,INE571A01038,,False
IPL,India Pesticides Limited,,,INE0D6701023,,False
IPRINGLTD,IP Rings Limited,,,INE558A01019,,False
IRB,IRB Infrastructure Developers Limited,,,INE821I01022,,False
IRCON,Ircon International Limited,,,INE962Y01021,,False
IRCTC,Indian Railway Catering And Tourism Corporation Limited,,,INE335Y01020,,False
IREDA,Indian Renewable Energy Development Agency Limited,,,INE202E01016,,False
IRFC,Indian Railway Finance Corporation Limited,,,INE053F01010,,False
IRIS,IRIS RegTech Solutions Limited,,,INE864K01010,,False
IRISDOREME,Iris Clothings Limited,,,INE01GN01025,,False
IRMENERGY,IRM Energy Limited,,,INE07U701015,,False
ISFT,Intrasoft Technologies Limited,,,INE566K01011,,False
ISGEC,Isgec Heavy Engineering Limited,,,INE858B01029,,False
ISHANCH,Ishan Dyes and Chemicals Limited,,,INE561M01018,,False
ISTLTD,I S T Limited,,,INE684B01029,,False
ITC,ITC Limited,,,INE154A01025,,False
ITCHOTELS,ITC Hotels Limited,,,INE379A01028,,False
ITDC,India Tourism Development Corporation Limited,,,INE353K01014,,False
ITI,ITI Limited,,,INE248A01017,,False
ITL,ITL Industries Limited,,,INE478D01014,,False
IVALUE,Ivalue Infosolutions Limited,,,INE056801025,,False
IVC,IL&FS Investment Managers Limited,,,INE050B01023,,False
IWP,The Indian Wood Products Company Limited,,,INE586E01020,,False
IXIGO,Le Travenues Technology Limited,,,INE0HV901016,,False
IZMO,IZMO Limited,,,INE848A01014,,False
J&KBANK,The Jammu & Kashmir Bank Limited,,,INE168A01041,,False
JAGRAN,Jagran Prakashan Limited,,,INE199G01027,,False
JAGSNPHARM,Jagsonpal Pharmaceuticals Limited,,,INE048B01035,,False
JAIBALAJI,Jai Balaji Industries Limited,,,INE091G01026,,False
JAICORPLTD,Jai Corp Limited,,,INE070D01027,,False
JAINREC,Jain Resource Recycling Limited,,,INE0YD401026,,False
JAIPURKURT,Nandani Creation Limited,,,INE696V01013,,False
JAMNAAUTO,Jamna Auto Industries Limited,,,INE039C01032,,False
JARO,Jaro Institute of Technology Management and Research Limited,,,INE00YJ01010,,False
JASH,Jash Engineering Limited,,,INE039O01029,,False
JAYAGROGN,Jayant Agro Organics Limited,,,INE785A01026,,False
JAYBARMARU,Jay Bharat Maruti Limited,,,INE571B01036,,False
JAYKAY,Jaykay Enterprises Limited,,,INE903A01025,,False
JAYNECOIND,Jayaswal Neco Industries Limited,,,INE854B01010,,False
JAYSREETEA,Jayshree Tea & Industries Limited,,,INE364A01020,,False
JBMA,JBM Auto Limited,,,INE927D01051,,False
JENBURPH,Jenburkt Pharmaceuticals Limited,,,INE354A01013,,False
JETFREIGHT,Jet Freight Logistics Limited,,,INE982V01025,,False
JGCHEM,J.G.Chemicals Limited,,,INE0MB501011,,False
JHS,JHS Svendgaard Laboratories Limited,,,INE544H01014,,False
JINDALPHOT,Jindal Photo Limited,,,INE796G01012,,False
JINDALPOLY,Jindal Poly Films Limited,,,INE197D01010,,False
JINDALSAW,Jindal Saw Limited,,,INE324A01032,,False
JINDALSTEL,JINDAL STEEL LIMITED,,,INE749A01030,,False
JINDRILL,Jindal Drilling And Industries Limited,,,INE742C01031,,False
JINDWORLD,Jindal Worldwide Limited,,,INE247D01039,,False
JIOFIN,Jio Financial Services Limited,,,INE758E01017,,False
JISLDVREQS,Jain Irrigation Systems Limited,,,IN9175A01010,,False
JISLJALEQS,Jain Irrigation Systems Limited,,,INE175A01038,,False
JITFINFRA,JITF Infralogistics Limited,,,INE863T01013,,False
JKCEMENT,JK Cement Limited,,,INE823G01014,,False
JKIL,J.Kumar Infraprojects Limited,,,INE576I01022,,False
JKIPL,Jinkushal Industries Limited,,,INE1FF001016,,False
JKLAKSHMI,JK Lakshmi Cement Limited,,,INE786A01032,,False
JKPAPER,JK Paper Limited,,,INE789E01012,,False
JKTYRE,JK Tyre & Industries Limited,,,INE573A01042,,False
JLHL,Jupiter Life Line Hospitals Limited,,,INE682M01020,,False
JMA,Jullundur Motor Agency (Delhi) Limited,,,INE412C01023,,False
JMFINANCIL,JM Financial Limited,,,INE780C01023,,False
JNKINDIA,JNK India Limited,,,INE0OAF01028,,False
JNPR,Juniper Green Energy Limited,,,INE05C901015,,False
JOCIL,Jocil Limited,,,INE839G01010,,False
JPOLYINVST,Jindal Poly Investment and Finance Company Limited,,,INE147P01019,,False
JPPOWER,Jaiprakash Power Ventures Limited,,,INE351F01018,,False
JSFB,Jana Small Finance Bank Limited,,,INE953L01027,,False
JSL,Jindal Stainless Limited,,,INE220G01021,,False
JSLL,Jeena Sikho Lifecare Limited,,,INE0J5801029,,False
JSWCEMENT,JSW Cement Limited,,,INE718I01012,,False
JSWDULUX,JSW Dulux Limited,,,INE133A01011,,False
JSWENERGY,JSW Energy Limited,,,INE121E01018,,False
JSWHL,JSW Holdings Limited,,,INE824G01012,,False
JSWINFRA,JSW Infrastructure Limited,,,INE880J01026,,False
JSWSTEEL,JSW Steel Limited,,,INE019A01038,,False
JTEKTINDIA,Jtekt India Limited,,,INE643A01035,,False
JTLIND,JTL INDUSTRIES LIMITED,,,INE391J01032,,False
JUBLCPL,Jubilant Agri and Consumer Products Limited,,,INE03CC01015,,False
JUBLFOOD,Jubilant Foodworks Limited,,,INE797F01020,,False
JUBLINGREA,Jubilant Ingrevia Limited,,,INE0BY001018,,False
JUBLPHARMA,Jubilant Pharmova Limited,,,INE700A01033,,False
JUNIPER,Juniper Hotels Limited,,,INE696F01016,,False
JUSTDIAL,Just Dial Limited,,,INE599M01018,,False
JWL,Jupiter Wagons Limited,,,INE209L01016,,False
JYOTHYLAB,Jyothy Labs Limited,,,INE668F01031,,False
JYOTICNC,Jyoti CNC Automation Limited,,,INE980O01024,,False
JYOTIRES,Jyoti Resins & Adhesives Limited,,,INE577D01013,,False
JYOTISTRUC,Jyoti Structures Limited,,,INE197A01024,,False
KABRAEXTRU,Kabra Extrusion Technik Limited,,,INE900B01029,,False
KAJARIACER,Kajaria Ceramics Limited,,,INE217B01036,,False
KAKATCEM,Kakatiya Cement Sugar & Industries Limited,,,INE437B01014,,False
KALAMANDIR,Sai Silks (Kalamandir) Limited,,,INE438K01021,,False
KALPATARU,Kalpataru Limited,,,INE227J01012,,False
KALYANKJIL,Kalyan Jewellers India Limited,,,INE303R01014,,False
KAMAHOLD,Kama Holdings Limited,,,INE411F01010,,False
KAMANWALA,Kamanwala Housing Construction Limited,,,INE344D01018,,False
KAMATHOTEL,Kamat Hotels (I) Limited,,,INE967C01018,,False
KAMOPAINTS,Kamdhenu Ventures Limited,,,INE0BTI01037,,False
KANANIIND,Kanani Industries Limited,,,INE879E01037,,False
KANCHI,Kanchi Karpooram Limited,,,INE081G01019,,False
KANCOTEA,Kanco Tea & Industries Limited,,,INE398L01017,,False
KANOHAR,Kanohar Electricals Limited,,,INE877D01025,,False
KANPRPLA,Kanpur Plastipack Limited,,,INE694E01014,,False
KANSAINER,Kansai Nerolac Paints Limited,,,INE531A01024,,False
KAPSTON,Kapston Services Limited,,,INE542Z01028,,False
KARAMTARA,Karamtara Engineering Limited,,,INE590T01012,,False
KARMAENG,Karma Energy Limited,,,INE725L01011,,False
KARURVYSYA,Karur Vysya Bank Limited,,,INE036D01028,,False
KAYNES,Kaynes Technology India Limited,,,INE918Z01012,,False
KCP,KCP Limited,,,INE805C01028,,False
KDDL,KDDL Limited,,,INE291D01011,,False
KDGREEN,KD Green Industries Limited,,,INE348N01042,,False
KEC,KEC International Limited,,,INE389H01022,,False
KECL,Kirloskar Electric Company Limited,,,INE134B01017,,False
KEEPLEARN,DSJ Keep Learning Limited,,,INE055C01020,,False
KEI,KEI Industries Limited,,,INE878B01027,,False
KELLTONTEC,Kellton Tech Solutions Limited,,,INE164B01030,,False
KENNAMET,Kennametal India Limited,,,INE717A01029,,False
KERNEX,Kernex Microsystems (India) Limited,,,INE202H01019,,False
KEYFINSERV,Keynote Financial Services Limited,,,INE681C01015,,False
KFINTECH,Kfin Technologies Limited,,,INE138Y01010,,False
KHAICHEM,Khaitan Chemicals & Fertilizers Limited,,,INE745B01028,,False
KHAITANLTD,Khaitan (India) Limited,,,INE731C01018,,False
KHANDSE,Khandwala Securities Limited,,,INE060B01014,,False
KICL,Kalyani Investment Company Limited,,,INE029L01018,,False
KIMS,Krishna Institute of Medical Sciences Limited,,,INE967H01025,,False
KINGFA,Kingfa Science & Technology (India) Limited,,,INE473D01015,,False
KIOCL,KIOCL Limited,,,INE880L01014,,False
KIRANVYPAR,Kiran Vyapar Limited,,,INE555P01013,,False
KIRIINDUS,Kiri Industries Limited,,,INE415I01015,,False
KIRLFER,Kirloskar Ferrous Industries Limited,,,INE884B01025,,False
KIRLOSBROS,Kirloskar Brothers Limited,,,INE732A01036,,False
KIRLOSENG,Kirloskar Oil Engines Limited,,,INE146L01010,,False
KIRLOSIND,Kirloskar Industries Limited,,,INE250A01039,,False
KIRLPNU,Kirloskar Pneumatic Company Limited,,,INE811A01038,,False
KISSHT,OnEMI Technology Solutions Limited,,,INE12F801023,,False
KITEX,Kitex Garments Limited,,,INE602G01020,,False
KJMCFIN,KJMC Financial Services Limited,,,INE533C01018,,False
KKCL,Kewal Kiran Clothing Limited,,,INE401H01017,,False
KLBRENG-B,Kilburn Engineering Limited,,,INE338F01015,,False
KMCSHIL,K M C Speciality Hospitals (India) Limited,,,INE879K01018,,False
KMEW,Knowledge Marine & Engineering Works Limited,,,INE0CJD01029,,False
KMSUGAR,K.M.Sugar Mills Limited,,,INE157H01023,,False
KNACK,Knack Packaging Limited,,,INE17QZ01016,,False
KNAGRI,KN Agri Resources Limited,,,INE0KNW01016,,False
KNRCON,KNR Constructions Limited,,,INE634I01029,,False
KOHINOOR,Kohinoor Foods Limited,,,INE080B01012,,False
KOKUYOCMLN,Kokuyo Camlin Limited,,,INE760A01029,,False
KOLTEPATIL,Kolte - Patil Developers Limited,,,INE094I01018,,False
KOPRAN,Kopran Limited,,,INE082A01010,,False
KOTAKBANK,Kotak Mahindra Bank Limited,,,INE237A01036,,False
KOTHARIPET,Kothari Petrochemicals Limited,,,INE720A01015,,False
KOTHARIPRO,Kothari Products Limited,,,INE823A01017,,False
KOTIC,Kothari Industrial Corporation Limited,,,INE972A01020,,False
KOVAI,Kovai Medical Center & Hospital Limited,,,INE177F01017,,False
KPEL,K.P. Energy Limited,,,INE127T01021,,False
KPIGREEN,KPI Green Energy Limited,,,INE542W01025,,False
KPIL,Kalpataru Projects International Limited,,,INE220B01022,,False
KPITTECH,KPIT Technologies Limited,,,INE04I401011,,False
KPL,Kwality Pharmaceuticals Limited,,,INE552U01010,,False
KPRMILL,K.P.R. Mill Limited,,,INE930H01031,,False
KRBL,KRBL Limited,,,INE001B01026,,False
KREBSBIO,Krebs Biochemicals and Industries Limited,,,INE268B01013,,False
KRIDHANINF,Kridhan Infra Limited,,,INE524L01026,,False
KRISHANA,Krishana Phoschem Limited,,,INE506W01020,,False
KRISHIVAL,Krishival Foods Limited,,,INE0GGO01015,,False
KRISHNADEF,Krishna Defence And Allied Industries Limited,,,INE0J5601015,,False
KRITI,Kriti Industries (India) Limited,,,INE479D01038,,False
KRITIKA,Kritika Wires Limited,,,INE00Z501029,,False
KRITINUT,Kriti Nutrients Limited,,,INE798K01010,,False
KRN,KRN Heat Exchanger and Refrigeration Limited,,,INE0Q3J01015,,False
KROSS,Kross Limited,,,INE0O6601022,,False
KRSNAA,Krsnaa Diagnostics Limited,,,INE08LI01020,,False
KRYSTAL,Krystal Integrated Services Limited,,,INE0QN801017,,False
KSB,Ksb Limited,,,INE999A01023,,False
KSCL,Kaveri Seed Company Limited,,,INE455I01029,,False
KSE,KSE Limited,,,INE953E01022,,False
KSHINTL,KSH International Limited,,,INE987S01020,,False
KSHITIJPOL,Kshitij Polyline Limited,,,INE013801027,,False
KSL,Kalyani Steels Limited,,,INE907A01026,,False
KSOLVES,Ksolves India Limited,,,INE0D6I01023,,False
KTKBANK,The Karnataka Bank Limited,,,INE614B01018,,False
KUANTUM,Kuantum Papers Limited,,,INE529I01021,,False
KUSUMGAR,Kusumgar Limited,,,INE0ISX01025,,False
KWIL,Kwality Wall's (India) Limited,,,INE2KCE01013,,False
LAGNAM,Lagnam Spintex Limited,,,INE548Z01017,,False
LAHOTIOV,Lahoti Overseas Limited,,,INE515C01023,,False
LAKSHMIMIL,Lakshmi Mills Company Limited,,,INE938C01019,,False
LAL,Lorenzini Apparels Limited,,,INE740X01023,,False
LALITHAA,Lalithaa Jewellery Mart Limited,,,INE0K9O01026,,False
LALPATHLAB,Dr. Lal Path Labs Ltd.,,,INE600L01024,,False
LAMBODHARA,Lambodhara Textiles Limited,,,INE112F01022,,False
LANCER,Lancer Container Lines Limited,,,INE359U01028,,False
LANDMARK,Landmark Cars Limited,,,INE559R01029,,False
LANDSMILL,Landsmill Green Limited,,,INE688J01023,,False
LAOPALA,La Opala RG Limited,,,INE059D01020,,False
LASERPOWER,Laser Power & Infra Limited,,,INE17IR01028,,False
LATENTVIEW,Latent View Analytics Limited,,,INE0I7C01011,,False
LATTEYS,Latteys Industries Limited,,,INE262Z01023,,False
LAURUSLABS,Laurus Labs Limited,,,INE947Q01028,,False
LAXMICOT,Laxmi Cotspin Limited,,,INE801V01019,,False
LAXMIDENTL,Laxmi Dental Limited,,,INE0WO601020,,False
LAXMIINDIA,Laxmi India Finance Limited,,,INE06WU01026,,False
LCCINFOTEC,LCC Infotech Limited,,,INE938A01021,,False
LCCPROJECT,LCC Projects Limited,,,INE1FPN01026,,False
LCL,Lohia Corp Limited,,,INE0QJW01029,,False
LEAPIND,LEAP India Limited,,,INE00GO01025,,False
LEMERITE,Le Merite Exports Limited,,,INE0G1L01025,,False
LEMONTREE,Lemon Tree Hotels Limited,,,INE970X01018,,False
LENSKART,Lenskart Solutions Limited,,,INE956O01016,,False
LEXUS,Lexus Granito (India) Limited,,,INE500X01013,,False
LFIC,Lakshmi Finance & Industrial Corporation Limited,,,INE850E01012,,False
LGBBROSLTD,LG Balakrishnan & Bros Limited,,,INE337A01034,,False
LGEINDIA,LG Electronics India Limited,,,INE324D01010,,False
LGHL,Laxmi Goldorna House Limited,,,INE258Y01016,,False
LIBAS,Libas Consumer Products Limited,,,INE908V01012,,False
LIBERTSHOE,Liberty Shoes Limited,,,INE557B01019,,False
LICHSGFIN,LIC Housing Finance Limited,,,INE115A01026,,False
LICI,Life Insurance Corporation Of India,,,INE0J1Y01017,,False
LIKHITHA,Likhitha Infrastructure Limited,,,INE060901027,,False
LINC,Linc Limited,,,INE802B01027,,False
LINCOLN,Lincoln Pharmaceuticals Limited,,,INE405C01035,,False
LINDEINDIA,Linde India Limited,,,INE473A01011,,False
LKPSEC,LKP Securities Limited,,,INE341H01023,,False
LLOYDSENGG,LLOYDS ENGINEERING WORKS LIMITED,,,INE093R01011,,False
LLOYDSENT,Lloyds Enterprises Limited,,,INE080I01025,,False
LLOYDSME,Lloyds Metals And Energy Limited,,,INE281B01032,,False
LMW,LMW Limited,,,INE269B01029,,False
LODHA,Lodha Developers Limited,,,INE670K01029,,False
LOKESHMACH,Lokesh Machines Limited,,,INE397H01017,,False
LORDSCHLO,Lords Chloro Alkali Limited,,,INE846D01012,,False
LOTUSCHO,Lotus Chocolate Company Limited,,,INE026D01011,,False
LOTUSEYE,Lotus Eye Hospital and Institute Limited,,,INE947I01017,,False
LOVABLE,Lovable Lingerie Limited,,,INE597L01014,,False
LOYALTEX,Loyal Textile Mills Limited,,,INE970D01010,,False
LPDC,Landmark Property Development Company Limited,,,INE197J01017,,False
LT,Larsen & Toubro Limited,,,INE018A01030,,False
LTF,L&T Finance Limited,,,INE498L01015,,False
LTFOODS,LT Foods Limited,,,INE818H01020,,False
LTM,LTM Limited,,,INE214T01019,,False
LTTS,L&T Technology Services Limited,,,INE010V01017,,False
LUMAXIND,Lumax Industries Limited,,,INE162B01018,,False
LUMAXTECH,Lumax Auto Technologies Limited,,,INE872H01027,,False
LUMINO,Lumino Industries Limited,,,INE185Q01025,,False
LUPIN,Lupin Limited,,,INE326A01037,,False
LUXIND,Lux Industries Limited,,,INE150G01020,,False
LXCHEM,Laxmi Organic Industries Limited,,,INE576O01020,,False
M&M,Mahindra & Mahindra Limited,,,INE101A01026,,False
M&MFIN,Mahindra & Mahindra Financial Services Limited,,,INE774D01024,,False
MAANALU,Maan Aluminium Limited,,,INE215I01027,,False
MACPOWER,Macpower CNC Machines Limited,,,INE155Z01011,,False
MADHAV,Madhav Marbles and Granites Limited,,,INE925C01016,,False
MADHAVIPL,Madhav Infra Projects Limited,,,INE631R01026,,False
MADRASFERT,Madras Fertilizers Limited,,,INE414A01015,,False
MAFATIND,Mafatlal Industries Limited,,,INE270B01035,,False
MAGADSUGAR,Magadh Sugar & Energy Limited,,,INE347W01011,,False
MAGNUM,Magnum Ventures Limited,,,INE387I01016,,False
MAHABANK,Bank of Maharashtra,,,INE457A01014,,False
MAHAPEXLTD,Maha Rashtra Apex Corporation Limited,,,INE843B01013,,False
MAHEPC,Mahindra EPC Irrigation Limited,,,INE215D01010,,False
MAHESHWARI,Maheshwari Logistics Limited,,,INE263W01010,,False
MAHLIFE,Mahindra Lifespace Developers Limited,,,INE813A01018,,False
MAHLOG,Mahindra Logistics Limited,,,INE766P01016,,False
MAHSCOOTER,Maharashtra Scooters Limited,,,INE288A01013,,False
MAHSEAMLES,Maharashtra Seamless Limited,,,INE271B01025,,False
MAITHANALL,Maithan Alloys Limited,,,INE683C01011,,False
MAKERSL,Makers Laboratories Limited,,,INE987A01010,,False
MALLCOM,Mallcom (India) Limited,,,INE389C01015,,False
MALUPAPER,Malu Paper Mills Limited,,,INE383H01017,,False
MAMATA,Mamata Machinery Limited,,,INE0TO701015,,False
MANAKALUCO,Manaksia Aluminium Company Limited,,,INE859Q01017,,False
MANAKCOAT,Manaksia Coated Metals & Industries Limited,,,INE830Q01018,,False
MANAKSIA,Manaksia Limited,,,INE015D01022,,False
MANALIPETC,Manali Petrochemicals Limited,,,INE201A01024,,False
MANAPPURAM,Manappuram Finance Limited,,,INE522D01027,,False
MANBA,Manba Finance Limited,,,INE939X01013,,False
MANCREDIT,Mangal Credit and Fincorp Limited,,,INE545L01039,,False
MANGALAM,Mangalam Drugs And Organics Limited,,,INE584F01014,,False
MANGLMCEM,Mangalam Cement Limited,,,INE347A01017,,False
MANINDS,Man Industries (India) Limited,,,INE993A01026,,False
MANINFRA,Man Infraconstruction Limited,,,INE949H01023,,False
MANIPALHOS,Manipal Health Enterprises Limited,,,INE459N01021,,False
MANKIND,Mankind Pharma Limited,,,INE634S01028,,False
MANOMAY,Manomay Tex India Limited,,,INE784W01015,,False
MANORAMA,Manorama Industries Limited,,,INE00VM01036,,False
MANORG,Mangalam Organics Limited,,,INE370D01013,,False
MANUGRAPH,Manugraph India Limited,,,INE867A01022,,False
MANYAVAR,Vedant Fashions Limited,,,INE825V01034,,False
MAPMYINDIA,C.E. Info Systems Limited,,,INE0BV301023,,False
MARALOVER,Maral Overseas Limited,,,INE882A01013,,False
MARATHON,Marathon Nextgen Realty Limited,,,INE182D01020,,False
MARICO,Marico Limited,,,INE196A01026,,False
MARINE,Marine Electricals (India) Limited,,,INE01JE01028,,False
MARKOLINES,Markolines Pavement Technologies Limited,,,INE0FW001016,,False
MARKSANS,Marksans Pharma Limited,,,INE750C01026,,False
MARSONS,Marsons Limited,,,INE415B01044,,False
MARUTI,Maruti Suzuki India Limited,,,INE585B01010,,False
MASFIN,MAS Financial Services Limited,,,INE348L01012,,False
MASKINVEST,Mask Investments Limited,,,INE885F01015,,False
MASTEK,Mastek Limited,,,INE759A01021,,False
MASTERTR,Master Trust Limited,,,INE677D01037,,False
MATRIMONY,Matrimony.Com Limited,,,INE866R01028,,False
MAWANASUG,Mawana Sugars Limited,,,INE636A01039,,False
MAXESTATES,Max Estates Limited,,,INE03EI01018,,False
MAXHEALTH,Max Healthcare Institute Limited,,,INE027H01010,,False
MAXIND,Max India Limited,,,INE0CG601016,,False
MAYURUNIQ,Mayur Uniquoters Ltd,,,INE040D01038,,False
MAZDOCK,Mazagon Dock Shipbuilders Limited,,,INE249Z01020,,False
MBAPL,Madhya Bharat Agro Products Limited,,,INE900L01028,,False
MBEL,M & B Engineering Limited,,,INE08N601015,,False
MBLINFRA,MBL Infrastructure Limited,,,INE912H01013,,False
MCCHRLS-B,Mac Charles India Limited,,,INE435D01014,,False
MCL,M TEK COPPER LIMITED,,,INE813V01022,,False
MCLEODRUSS,Mcleod Russel India Limited,,,INE942G01012,,False
MCLOUD,Magellanic Cloud Limited,,,INE613C01026,,False
MCX,Multi Commodity Exchange of India Limited,,,INE745G01043,,False
MEDANTA,Global Health Limited,,,INE474Q01031,,False
MEDIASSIST,Medi Assist Healthcare Services Limited,,,INE456Z01021,,False
MEDICO,Medico Remedies Limited,,,INE630Y01024,,False
MEDPLUS,Medplus Health Services Limited,,,INE804L01022,,False
MEESHO,Meesho Limited,,,INE0VDM01015,,False
MEGASTAR,Megastar Foods Limited,,,INE00EM01016,,False
MEIL,Mangal Electrical Industries Limited,,,INE0PKD01011,,False
MERCANTILE,Mercantile Ventures Limited,,,INE689O01013,,False
MERCURYEV,Mercury Ev-Tech Limited,,,INE763M01028,,False
METROBRAND,Metro Brands Limited,,,INE317I01021,,False
METROGLOBL,Metroglobal Limited,,,INE085D01033,,False
METROPOLIS,Metropolis Healthcare Limited,,,INE112L01020,,False
MFML,Mahalaxmi Fabric Mills Limited,,,INE0US801024,,False
MFSL,Max Financial Services Limited,,,INE180A01020,,False
MGEL,Mangalam Global Enterprise Limited,,,INE0APB01032,,False
MGL,Mahanagar Gas Limited,,,INE002S01010,,False
MHRIL,Mahindra Holidays & Resorts India Limited,,,INE998I01010,,False
MIDHANI,Mishra Dhatu Nigam Limited,,,INE099Z01011,,False
MIDWESTLTD,Midwest Limited,,,INE0XAD01024,,False
MIIL,Meghna Infracon Infrastructure Limited,,,INE898Q01015,,False
MILKYMIST,Milky Mist Dairy Food Limited,,,INE00IT01020,,False
MINDACORP,Minda Corporation Limited,,,INE842C01021,,False
MINDTECK,Mindteck (India) Limited,,,INE110B01017,,False
MIRZAINT,Mirza International Limited,,,INE771A01026,,False
MITCON,MITCON Consultancy & Engineering Services Limited,,,INE828O01033,,False
MITTAL,Mittal Life Style Limited,,,INE997Y01027,,False
MKEXIM,M.K. Exim (India) Limited,,,INE227F01010,,False
MKPL,M K Proteins Limited,,,INE964W01021,,False
MLKFOOD,Milkfood Limited,,,INE588G01021,,False
MMFL,MM Forgings Limited,,,INE227C01017,,False
MMP,MMP Industries Limited,,,INE511Y01018,,False
MMTC,MMTC Limited,,,INE123F01029,,False
MMWL,Media Matrix Worldwide Limited,,,INE200D01020,,False
MOBIKWIK,One Mobikwik Systems Limited,,,INE0HLU01028,,False
MODINATUR,Modi Naturals Limited,,,INE537F01012,,False
MODIRUBBER,Modi Rubber Limited,,,INE832A01018,,False
MODIS,Modis Navnirman Limited,,,INE0L0L01012,,False
MODTHREAD,Modern Threads (India) Limited,,,INE794W01014,,False
MOHITE,Mohite Industries Limited,,,INE154B01023,,False
MOHITIND,Mohit Industries Limited,,,INE954E01012,,False
MOIL,MOIL Limited,,,INE490G01020,,False
MOKSH,Moksh Ornaments Limited,,,INE514Y01020,,False
MOL,Meghmani Organics Limited,,,INE0CT101020,,False
MOLBIO,Molbio Diagnostics Limited,,,INE869T01028,,False
MOLDTKPAC,Mold-Tek Packaging Limited,,,INE893J01029,,False
MONARCH,Monarch Networth Capital Limited,,,INE903D01011,,False
MONEYBOXX,Moneyboxx Finance Limited,,,INE296Q01012,,False
MONTECARLO,Monte Carlo Fashions Limited,,,INE950M01013,,False
MOREPENLAB,Morepen Laboratories Limited,,,INE083A01026,,False
MOSCHIP,Moschip Technologies Limited,,,INE935B01025,,False
MOTHERSON,Samvardhana Motherson International Limited,,,INE775A01035,,False
MOTILALOFS,Motilal Oswal Financial Services Limited,,,INE338I01027,,False
MOTISONS,Motisons Jewellers Limited,,,INE0FRK01020,,False
MOTOGENFIN,The Motor & General Finance Limited,,,INE861B01023,,False
MPHASIS,MphasiS Limited,,,INE356A01018,,False
MPIMANIPAL,Manipal Payment and Identity Solutions Limited,,,INE241U01028,,False
MPSLTD,MPS Limited,,,INE943D01017,,False
MRF,MRF Limited,,,INE883A01011,,False
MRPL,Mangalore Refinery and Petrochemicals Limited,,,INE103A01014,,False
MSL,Mangalam Seeds Limited,,,INE829S01016,,False
MSPL,MSP Steel & Power Limited,,,INE752G01015,,False
MSTCLTD,Mstc Limited,,,INE255X01014,,False
MSUMI,Motherson Sumi Wiring India Limited,,,INE0FS801015,,False
MTNL,Mahanagar Telephone Nigam Limited,,,INE153A01019,,False
MUFIN,Mufin Green Finance Limited,,,INE08KJ01020,,False
MUFTI,Credo Brands Marketing Limited,,,INE220Q01020,,False
MUKANDLTD,Mukand Limited,,,INE304A01026,,False
MUKESHB,Mukesh Babu Financial Services Limited,,,INE596B01017,,False
MUNJALAU,Munjal Auto Industries Limited,,,INE672B01032,,False
MUNJALSHOW,Munjal Showa Limited,,,INE577A01027,,False
MURUDCERA,Murudeshwar Ceramics Limited,,,INE692B01014,,False
MUTHOOTCAP,Muthoot Capital Services Limited,,,INE296G01013,,False
MUTHOOTFIN,Muthoot Finance Limited,,,INE414G01012,,False
MUTHOOTMF,Muthoot Microfin Limited,,,INE046W01019,,False
MVELECTRO,MV Electrosystems Limited,,,INE0OWZ01020,,False
MVGJL,Manoj Vaibhav Gems N Jewellers Limited,,,INE0KNT01012,,False
MWL,Mangalam Worldwide Limited,,,INE0JYY01029,,False
NACLIND,NACL Industries Limited,,,INE295D01020,,False
NAGREEKCAP,Nagreeka Capital & Infrastructure Limited,,,INE245I01016,,False
NAGREEKEXP,Nagreeka Exports Limited,,,INE123B01028,,False
NAHARCAP,Nahar Capital and Financial Services Limited,,,INE049I01012,,False
NAHARINDUS,Nahar Industrial Enterprises Limited,,,INE289A01011,,False
NAHARPOLY,Nahar Poly Films Limited,,,INE308A01027,,False
NAHARSPING,Nahar Spinning Mills Limited,,,INE290A01027,,False
NAM-INDIA,Nippon Life India Asset Management Limited,,,INE298J01013,,False
NARMADA,Narmada Agrobase Limited,,,INE117Z01029,,False
NATCOPHARM,Natco Pharma Limited,,,INE987B01026,,False
NATHBIOGEN,Nath Bio-Genes (India) Limited,,,INE448G01010,,False
NATIONALUM,National Aluminium Company Limited,,,INE139A01034,,False
NATIONSTD,National Standard (India) Limited,,,INE166R01015,,False
NAUKRI,Info Edge (India) Limited,,,INE663F01032,,False
NAVA,NAVA LIMITED,,,INE725A01030,,False
NAVINFLUOR,Navin Fluorine International Limited,,,INE048G01026,,False
NAVKARCORP,Navkar Corporation Limited,,,INE278M01019,,False
NAVNETEDUL,Navneet Education Limited,,,INE060A01024,,False
NAZARA,Nazara Technologies Limited,,,INE418L01047,,False
NBCC,NBCC (India) Limited,,,INE095N01031,,False
NBIFIN,N. B. I. Industrial Finance Company Limited,,,INE365I01020,,False
NCC,NCC Limited,,,INE868B01028,,False
NCLIND,NCL Industries Limited,,,INE732C01016,,False
NDGL,Naga Dhunseri Group Limited,,,INE756C01015,,False
NDL,Nandan Denim Limited,,,INE875G01048,,False
NDLVENTURE,NDL Ventures Limited,,,INE353A01023,,False
NDRAUTO,Ndr Auto Components Limited,,,INE07OG01012,,False
NDTV,New Delhi Television Limited,,,INE155G01029,,False
NEAGI,Neelamalai Agro Industries Limited,,,INE605D01012,,False
NECLIFE,Nectar Lifesciences Limited,,,INE023H01027,,False
NELCAST,Nelcast Limited,,,INE189I01024,,False
NELCO,NELCO Limited,,,INE045B01015,,False
NEOGEN,Neogen Chemicals Limited,,,INE136S01016,,False
NEPHROPLUS,Nephrocare Health Services Limited,,,INE428V01029,,False
NESCO,Nesco Limited,,,INE317F01035,,False
NESTLEIND,Nestle India Limited,,,INE239A01024,,False
NETWEB,Netweb Technologies India Limited,,,INE0NT901020,,False
NETWORK18,Network18 Media & Investments Limited,,,INE870H01013,,False
NEULANDLAB,Neuland Laboratories Limited,,,INE794A01010,,False
NEWGEN,Newgen Software Technologies Limited,,,INE619B01017,,False
NEXTMEDIA,Next Mediaworks Limited,,,INE747B01016,,False
NFL,National Fertilizers Limited,,,INE870D01012,,False
NGIL,Nakoda Group of Industries Limited,,,INE236Y01012,,False
NGLFINE,NGL Fine-Chem Limited,,,INE887E01022,,False
NH,Narayana Hrudayalaya Ltd.,,,INE410P01011,,False
NHPC,NHPC Limited,,,INE848E01016,,False
NIACL,The New India Assurance Company Limited,,,INE470Y01017,,False
NIBE,NIBE Limited,,,INE149O01018,,False
NIBL,NRB Industrial Bearings Limited,,,INE047O01014,,False
NICCOPAR,Nicco Parks & Resorts Limited,,,INE653C01022,,False
NIITLTD,NIIT Limited,,,INE161A01038,,False
NIITMTS,NIIT Learning Systems Limited,,,INE342G01023,,False
NILAINFRA,Nila Infrastructures Limited,,,INE937C01029,,False
NILASPACES,Nila Spaces Limited,,,INE00S901012,,False
NILE,Nile Limited,,,INE445D01013,,False
NILKAMAL,Nilkamal Limited,,,INE310A01015,,False
NIMBSPROJ,Nimbus Projects Limited,,,INE875B01015,,False
NINSYS,NINtec Systems Limited,,,INE395U01014,,False
NIPPOBATRY,Indo-National Limited,,,INE567A01028,,False
NIRAJ,Niraj Cement Structurals Limited,,,INE368I01016,,False
NIRLON,Nirlon Limited,,,INE910A01012,,False
NITCO,Nitco Limited,,,INE858F01012,,False
NITINSPIN,Nitin Spinners Limited,,,INE229H01012,,False
NITIRAJ,Nitiraj Engineers Limited,,,INE439T01012,,False
NITTAGELA,Nitta Gelatin India Limited,,,INE265B01019,,False
NIVABUPA,Niva Bupa Health Insurance Company Limited,,,INE995S01015,,False
NKIND,NK Industries Limited,,,INE542C01019,,False
NLCINDIA,NLC India Limited,,,INE589A01014,,False
NMDC,NMDC Limited,,,INE584A01023,,False
NOCIL,NOCIL Limited,,,INE163A01018,,False
NOIDATOLL,Noida Toll Bridge Company Limited,,,INE781B01015,,False
NORBTEAEXP,Norben Tea & Exports Limited,,,INE369C01017,,False
NORTHARC,Northern Arc Capital Limited,,,INE850M01015,,False
NOVAAGRI,Nova Agritech Limited,,,INE02H701025,,False
NOVARTIND,Novartis India Limited,,,INE234A01025,,False
NPST,Network People Services Technologies Limited,,,INE0FFK01017,,False
NRAIL,N R Agarwal Industries Limited,,,INE740D01017,,False
NRBBEARING,NRB Bearing Limited,,,INE349A01021,,False
NSIL,Nalwa Sons Investments Limited,,,INE023A01030,,False
NSLNISP,NMDC Steel Limited,,,INE0NNS01018,,False
NTCIND,NTC Industries Limited,,,INE920C01017,,False
NTPC,NTPC Limited,,,INE733E01010,,False
NTPCGREEN,NTPC Green Energy Limited,,,INE0ONG01011,,False
NUCLEUS,Nucleus Software Exports Limited,,,INE096B01018,,False
NUVAMA,Nuvama Wealth Management Limited,,,INE531F01023,,False
NUVOCO,Nuvoco Vistas Corporation Limited,,,INE118D01016,,False
NYKAA,FSN E-Commerce Ventures Limited,,,INE388Y01029,,False
OAL,Oriental Aromatics Limited,,,INE959C01023,,False
OBCL,OBCL Limited,,,INE426Z01016,,False
OBEROIRLTY,Oberoi Realty Limited,,,INE093I01010,,False
ODIGMA,Odigma Consultancy Solutions Limited,,,INE054301028,,False
ODYCORP,Odyssey Corporation Limited,,,INE839E01023,,False
OFSS,Oracle Financial Services Software Limited,,,INE881D01027,,False
OIL,Oil India Limited,,,INE274J01014,,False
OLAELEC,Ola Electric Mobility Limited,,,INE0LXG01040,,False
OLECTRA,Olectra Greentech Limited,,,INE260D01016,,False
OMAXAUTO,Omax Autos Limited,,,INE090B01011,,False
OMAXE,Omaxe Limited,,,INE800H01010,,False
OMINFRAL,OM INFRA LIMITED,,,INE239D01028,,False
OMNI,Omnitech Engineering Limited,,,INE0UH301010,,False
OMPOWER,Om Power Transmission Limited,,,INE25E901019,,False
ONEGLOBAL,One Global Service Provider Limited,,,INE670O01013,,False
ONEPOINT,One Point One Solutions Limited,,,INE840Y01029,,False
ONESOURCE,Onesource Specialty Pharma Limited,,,INE013P01021,,False
ONGC,Oil & Natural Gas Corporation Limited,,,INE213A01029,,False
ONIDA,Onida Electronics Limited,,,INE831A01028,,False
ONIXSOLAR,Onix Solar Energy Limited,,,INE173M01012,,False
ONWARDTEC,Onward Technologies Limited,,,INE229A01017,,False
OPTIEMUS,Optiemus Infracom Limited,,,INE350C01017,,False
OPTIFIN,Optimus Finance Limited,,,INE031G01022,,False
ORCHASP,Orchasp Limited,,,INE215B01022,,False
ORCHPHARMA,Orchid Pharma Limited,,,INE191A01027,,False
ORICONENT,Oricon Enterprises Limited,,,INE730A01022,,False
ORIENTALTL,Oriental Trimex Limited,,,INE998H01012,,False
ORIENTBELL,Orient Bell Limited,,,INE607D01018,,False
ORIENTCEM,Orient Cement Limited,,,INE876N01018,,False
ORIENTCER,ORIENT CERATECH LIMITED,,,INE569C01020,,False
ORIENTELEC,Orient Electric Limited,,,INE142Z01019,,False
ORIENTHOT,Oriental Hotels Limited,,,INE750A01020,,False
ORIENTPPR,Orient Paper & Industries Limited,,,INE592A01026,,False
ORIENTTECH,Orient Technologies Limited,,,INE0PPK01015,,False
ORIRAIL,Oriental Rail Infrastructure Limited,,,INE457G01029,,False
ORISSAMINE,The Orissa Minerals Development Company Limited,,,INE725E01024,,False
ORKLAINDIA,Orkla India Limited,,,INE16NZ01023,,False
ORTINGLOBE,ORTIN GLOBAL LIMITED,,,INE749B01020,,False
OSWALAGRO,Oswal Agro Mills Limited,,,INE142A01012,,False
OSWALGREEN,Oswal Greentech Limited,,,INE143A01010,,False
OSWALPUMPS,Oswal Pumps Limited,,,INE0BYP01024,,False
OSWALSEEDS,ShreeOswal Seeds And Chemicals Limited,,,INE00IK01029,,False
PACEDIGITK,Pace Digitek Limited,,,INE0S3G01027,,False
PACIFICI,Pacific Industries Limited,,,INE883C01025,,False
PAGEIND,Page Industries Limited,,,INE761H01022,,False
PAISALO,Paisalo Digital Limited,,,INE420C01059,,False
PAKKA,PAKKA LIMITED,,,INE551D01018,,False
PALASHSECU,Palash Securities Limited,,,INE471W01019,,False
PALREDTEC,Palred Technologies Limited,,,INE218G01033,,False
PANACEABIO,Panacea Biotec Limited,,,INE922B01023,,False
PANAMAPET,Panama Petrochem Limited,,,INE305C01029,,False
PANCHMAHQ,Panchmahal Steel Limited,,,INE798F01010,,False
PANORAMA,Panorama Studios International Limited,,,INE258R01028,,False
PANSARI,Pansari Developers Limited,,,INE697V01011,,False
PARACABLES,Paramount Communications Limited,,,INE074B01023,,False
PARADEEP,Paradeep Phosphates Limited,,,INE088F01024,,False
PARAGMILK,Parag Milk Foods Limited,,,INE883N01014,,False
PARAS,Paras Defence and Space Technologies Limited,,,INE045601023,,False
PARASPETRO,Paras Petrofils Limited,,,INE162C01024,,False
PARKHOSPS,Park Medi World Limited,,,INE119201023,,False
PARKHOTELS,Apeejay Surrendra Park Hotels Limited,,,INE988S01028,,False
PARNAXLAB,Parnax Lab Limited,,,INE383L01019,,False
PASHUPATI,Pashupati Cotspin Limited,,,INE124Y01028,,False
PASUPTAC,Pasupati Acrylon Limited,,,INE818B01023,,False
PATANJALI,Patanjali Foods Limited,,,INE619A01035,,False
PATELENG,Patel Engineering Limited,,,INE244B01030,,False
PATELRMART,Patel Retail Limited,,,INE0R8B01010,,False
PAUSHAKLTD,Paushak Limited,,,INE111F01024,,False
PAVNAIND,Pavna Industries Limited,,,INE07S101038,,False
PAYTM,One 97 Communications Limited,,,INE982J01020,,False
PBMPOLY,PBM Polytex Limited,,,INE501F01018,,False
PCBL,PCBL Chemical Limited,,,INE602A01031,,False
PCJEWELLER,PC Jeweller Limited,,,INE785M01021,,False
PDMJEPAPER,Pudumjee Paper Products Limited,,,INE865T01018,,False
PDSL,PDS Limited,,,INE111Q01021,,False
PEARLPOLY,Pearl Polymers Limited,,,INE844A01013,,False
PENIND,Pennar Industries Limited,,,INE932A01024,,False
PENINLAND,Peninsula Land Limited,,,INE138A01028,,False
PERMAGN,Permanent Magnets Limited,,,INE418E01018,,False
PERNIASPOP,Purple Style Labs Limited,,,INE0I1B01016,,False
PERSISTENT,Persistent Systems Limited,,,INE262H01021,,False
PETRONET,Petronet LNG Limited,,,INE347G01014,,False
PFC,Power Finance Corporation Limited,,,INE134E01011,,False
PFIZER,Pfizer Limited,,,INE182A01018,,False
PFOCUS,Prime Focus Limited,,,INE367G01038,,False
PFS,PTC India Financial Services Limited,,,INE560K01014,,False
PGEL,PG Electroplast Limited,,,INE457L01029,,False
PGHH,Procter & Gamble Hygiene and Health Care Limited,,,INE179A01014,,False
PGHL,Procter & Gamble Health Limited,,,INE199A01012,,False
PGIL,Pearl Global Industries Limited,,,INE940H01022,,False
PHOENIXLTD,The Phoenix Mills Limited,,,INE211B01039,,False
PHOENXINTL,Phoenix International Limited,,,INE245B01011,,False
PICCADIL,Piccadily Agro Industries Limited,,,INE546C01010,,False
PIDILITIND,Pidilite Industries Limited,,,INE318A01026,,False
PIGL,Power & Instrumentation (Gujarat) Limited,,,INE557Z01018,,False
PIIND,PI Industries Limited,,,INE603J01030,,False
PILANIINVS,Pilani Investment and Industries Corporation Limited,,,INE417C01014,,False
PILITA,PIL ITALICA LIFESTYLE LIMITED,,,INE600A01035,,False
PINELABS,Pine Labs Limited,,,INE15B701018,,False
PIONEEREMB,Pioneer Embroideries Limited,,,INE156C01018,,False
PIRAMALFIN,Piramal Finance Limited,,,INE202B01038,,False
PITTIENG,Pitti Engineering Limited,,,INE450D01021,,False
PIXTRANS,Pix Transmissions Limited,,,INE751B01018,,False
PLASTIBLEN,Plastiblends India Limited,,,INE083C01022,,False
PLATIND,Platinum Industries Limited,,,INE0PT501018,,False
PLAZACABLE,Plaza Wires Limited,,,INE0INJ01017,,False
PML,Paul Merchants Limited,,,INE291E01019,,False
PNB,Punjab National Bank,,,INE160A01022,,False
PNBGILTS,PNB Gilts Limited,,,INE859A01011,,False
PNBHOUSING,PNB Housing Finance Limited,,,INE572E01012,,False
PNC,PNC Media and Entertainment Limited,,,INE392B01011,,False
PNCINFRA,PNC Infratech Limited,,,INE195J01029,,False
PNGJL,P N Gadgil Jewellers Limited,,,INE953R01016,,False
PNGSREVA,PNGS Reva Diamond Jewellery Limited,,,INE1RDG01013,,False
POCL,Pondy Oxides & Chemicals Limited,,,INE063E01061,,False
PODDARMENT,Poddar Pigments Limited,,,INE371C01013,,False
POEL,POCL Enterprises Limited,,,INE035S01028,,False
POKARNA,Pokarna Limited,,,INE637C01025,,False
POLICYBZR,PB Fintech Limited,,,INE417T01026,,False
POLYCAB,Polycab India Limited,,,INE455K01017,,False
POLYMED,Poly Medicure Limited,,,INE205C01021,,False
POLYPLEX,Polyplex Corporation Limited,,,INE633B01018,,False
POLYSPIN,Polyspin Exports Limited,,,INE914G01029,,False
PONNIERODE,Ponni Sugars (Erode) Limited,,,INE838E01017,,False
POONAWALLA,Poonawalla Fincorp Limited,,,INE511C01022,,False
POWERGRID,Power Grid Corporation of India Limited,,,INE752E01010,,False
POWERICA,Powerica Limited,,,INE921L01032,,False
POWERINDIA,Hitachi Energy India Limited,,,INE07Y701011,,False
POWERMECH,Power Mech Projects Limited,,,INE211R01019,,False
PPLPHARMA,Piramal Pharma Limited,,,INE0DK501011,,False
PRABHA,Prabha Energy Limited,,,INE0I0M01023,,False
PRAENG,Prajay Engineers Syndicate Limited,,,INE505C01016,,False
PRAJIND,Praj Industries Limited,,,INE074A01025,,False
PRAKASH,Prakash Industries Limited,,,INE603A01013,,False
PRAKASHSTL,Prakash Steelage Limited,,,INE696K01024,,False
PRANAV,Pranav Constructions Limited,,,INE0H4201019,,False
PRASOLCHEM,Prasol Chemicals Limited,,,INE455U01024,,False
PRAVEG,Praveg Limited,,,INE722B01019,,False
PRAXIS,Praxis Home Retail Limited,,,INE546Y01022,,False
PRECAM,Precision Camshafts Limited,,,INE484I01029,,False
PRECOT,Precot Limited,,,INE283A01014,,False
PRECWIRE,Precision Wires India Limited,,,INE372C01037,,False
PREMCO,Premco Global Limited,,,INE001E01012,,False
PREMEXPLN,Premier Explosives Limited,,,INE863B01029,,False
PREMIERENE,Premier Energies Limited,,,INE0BS701011,,False
PREMIERPOL,Premier Polyfilm Limited,,,INE309M01020,,False
PRESTIGE,Prestige Estates Projects Limited,,,INE811K01011,,False
PRICOLLTD,Pricol Limited,,,INE726V01018,,False
PRIMESECU,Prime Securities Limited,,,INE032B01021,,False
PRIMO,Primo Chemicals Limited,,,INE607A01022,,False
PRINCEPIPE,Prince Pipes And Fittings Limited,,,INE689W01016,,False
PRISMX,Prismx Global Ventures Limited,,,INE286N01028,,False
PRITI,Priti International Limited,,,INE974Z01015,,False
PRIVISCL,Privi Speciality Chemicals Limited,,,INE959A01019,,False
PROSTARM,Prostarm Info Systems Limited,,,INE0BX301013,,False
PROTEAN,Protean eGov Technologies Limited,,,INE004A01022,,False
PROZONER,Prozone Realty Limited,,,INE195N01013,,False
PRSMJOHNSN,Prism Johnson Limited,,,INE010A01011,,False
PRUDENT,Prudent Corporate Advisory Services Limited,,,INE00F201020,,False
PSB,Punjab & Sind Bank,,,INE608A01012,,False
PSPPROJECT,PSP Projects Limited,,,INE488V01015,,False
PTC,PTC India Limited,,,INE877F01012,,False
PTCIL,PTC Industries Limited,,,INE596F01018,,False
PTL,PTL Enterprises Limited,,,INE034D01049,,False
PUNJABCHEM,Punjab Chemicals & Crop Protection Limited,,,INE277B01014,,False
PURVA,Puravankara Limited,,,INE323I01011,,False
PVP,PVP Ventures Limited,,,INE362A01016,,False
PVRINOX,PVR INOX Limited,,,INE191H01014,,False
PVSL,Popular Vehicles and Services Limited,,,INE772T01024,,False
PWL,Physicswallah Limited,,,INE0LP301011,,False
PYRAMID,Pyramid Technoplast Limited,,,INE0MIS01010,,False
QPOWER,Quality Power Electrical Equipments Limited,,,INE0SII01026,,False
QUADFUTURE,Quadrant Future Tek Limited,,,INE0LRY01011,,False
QUESS,Quess Corp Limited,,,INE615P01015,,False
QUICKHEAL,Quick Heal Technologies Limited,,,INE306L01010,,False
QUINT,Quint Digital Limited,,,INE641R01017,,False
RACE,Race Eco Chain Limited,,,INE084Q01012,,False
RACLGEAR,RACL Geartech Limited,,,INE704B01017,,False
RADAAN,Radaan Mediaworks India Limited,,,INE874F01027,,False
RADIANTCMS,Radiant Cash Management Services Limited,,,INE855R01021,,False
RADICO,Radico Khaitan Limited,,,INE944F01028,,False
RADIOCITY,Music Broadcast Limited,,,INE919I01024,,False
RAILTEL,Railtel Corporation Of India Limited,,,INE0DD101019,,False
RAIN,Rain Industries Limited,,,INE855B01025,,False
RAINBOW,Rainbow Childrens Medicare Limited,,,INE961O01016,,False
RAJMET,Rajnandini Metal Limited,,,INE00KV01022,,False
RAJPALAYAM,Rajapalayam Mills Limited,,,INE296E01026,,False
RAJRATAN,Rajratan Global Wire Limited,,,INE451D01029,,False
RAJSREESUG,Rajshree Sugars & Chemicals Limited,,,INE562B01019,,False
RAJTV,Raj Television Network Limited,,,INE952H01027,,False
RALLIS,Rallis India Limited,,,INE613A01020,,False
RAMANEWS,Shree Rama Newsprint Limited,,,INE278B01020,,False
RAMAPHO,Rama Phosphates Limited,,,INE809A01032,,False
RAMBHAJO,Advit Jewels Limited,,,INE1SJO01012,,False
RAMCOCEM,The Ramco Cements Limited,,,INE331A01037,,False
RAMCOIND,Ramco Industries Limited,,,INE614A01028,,False
RAMCOSYS,Ramco Systems Limited,,,INE246B01019,,False
RAMKY,Ramky Infrastructure Limited,,,INE874I01013,,False
RAMRAT,Ram Ratna Wires Limited,,,INE207E01023,,False
RANASUG,Rana Sugars Limited,,,INE625B01014,,False
RANEHOLDIN,Rane Holdings Limited,,,INE384A01010,,False
RATEGAIN,Rategain Travel Technologies Limited,,,INE0CLI01024,,False
RATNAMANI,Ratnamani Metals & Tubes Limited,,,INE703B01027,,False
RATNAVEER,Ratnaveer Precision Engineering Limited,,,INE05CZ01011,,False
RAYMOND,Raymond Limited,,,INE301A01014,,False
RAYMONDLSL,Raymond Lifestyle Limited,,,INE02ID01020,,False
RAYMONDREL,Raymond Realty Limited,,,INE1SY401010,,False
RBA,Restaurant Brands Asia Limited,,,INE07T201019,,False
RBLBANK,RBL Bank Limited,,,INE976G01028,,False
RCF,Rashtriya Chemicals and Fertilizers Limited,,,INE027A01015,,False
RECLTD,REC Limited,,,INE020B01018,,False
REDINGTON,Redington Limited,,,INE891D01026,,False
REDTAPE,Redtape Limited,,,INE0LXT01019,,False
REFEX,Refex Industries Limited,,,INE056I01025,,False
REGAAL,Regaal Resources Limited,,,INE0MHO01029,,False
REGENCERAM,Regency Ceramics Limited,,,INE277C01012,,False
RELAXO,Relaxo Footwears Limited,,,INE131B01039,,False
RELCHEMQ,Reliance Chemotex Industries Limited,,,INE750D01016,,False
RELIABLE,Reliable Data Services Limited,,,INE375Y01018,,False
RELIANCE,Reliance Industries Limited,,,INE002A01018,,False
RELIGARE,Religare Enterprises Limited,,,INE621H01010,,False
RELTD,Ravindra Energy Limited,,,INE206N01018,,False
REMSONSIND,Remsons Industries Limited,,,INE474C01023,,False
RENTOMOJO,Rentomojo Limited,,,INE08T701025,,False
RENUKA,Shree Renuka Sugars Limited,,,INE087H01022,,False
REPCOHOME,Repco Home Finance Limited,,,INE612J01015,,False
REPRO,Repro India Limited,,,INE461B01014,,False
RESPONIND,Responsive Industries Limited,,,INE688D01026,,False
RETAIL,JHS Svendgaard Retail Ventures Limited,,,INE03DD01011,,False
RGL,Renaissance Global Limited,,,INE722H01024,,False
RHETAN,Rhetan TMT Limited,,,INE0KKN01029,,False
RHIM,RHI MAGNESITA INDIA LIMITED,,,INE743M01012,,False
RHL,Robust Hotels Limited,,,INE508K01013,,False
RICOAUTO,Rico Auto Industries Limited,,,INE209B01025,,False
RIIL,Reliance Industrial Infrastructure Limited,,,INE046A01015,,False
RIR,RIR Power Electronics Limited,,,INE302D01024,,False
RISHABH,Rishabh Instruments Limited,,,INE0N2P01017,,False
RITCO,Ritco Logistics Limited,,,INE01EG01016,,False
RITES,RITES Limited,,,INE320J01015,,False
RKDL,Ravi Kumar Distilleries Limited,,,INE722J01012,,False
RKEC,RKEC Projects Limited,,,INE786W01010,,False
RKFORGE,Ramkrishna Forgings Limited,,,INE399G01023,,False
RKSWAMY,R K Swamy Limited,,,INE0NQ801033,,False
RMC,RMC Switchgears Limited,,,INE655V01019,,False
RML,Rane (Madras) Limited,,,INE050H01012,,False
ROHLTD,Royal Orchid Hotels Limited,,,INE283H01019,,False
ROLEXRINGS,Rolex Rings Limited,,,INE645S01024,,False
ROML,Raj Oil Mills Limited,,,INE294G01026,,False
ROSSARI,Rossari Biotech Limited,,,INE02A801020,,False
ROSSELLIND,Rossell India Limited,,,INE847C01020,,False
ROSSTECH,Rossell Techsys Limited,,,INE0OJW01016,,False
ROTO,Roto Pumps Limited,,,INE535D01037,,False
ROUTE,ROUTE MOBILE LIMITED,,,INE450U01017,,False
RPEL,Raghav Productivity Enhancers Limited,,,INE912T01018,,False
RPGLIFE,RPG Life Sciences Limited,,,INE105J01010,,False
RPOWER,Reliance Power Limited,,,INE614G01033,,False
RPPINFRA,R.P.P. Infra Projects Limited,,,INE324L01013,,False
RPSGVENT,RPSG VENTURES LIMITED,,,INE425Y01011,,False
RPTECH,Rashi Peripherals Limited,,,INE0J1F01024,,False
RRECL,RDB Real Estate Constructions Limited,,,INE0AK901016,,False
RRIL,RRIL Limited,,,INE951M01037,,False
RRKABEL,R R Kabel Limited,,,INE777K01022,,False
RSL,Rajputana Stainless Limited,,,INE313L01016,,False
RSSOFTWARE,R. S. Software (India) Limited,,,INE165B01029,,False
RSYSTEMS,R Systems International Limited,,,INE411H01032,,False
RTNINDIA,RattanIndia Enterprises Limited,,,INE834M01019,,False
RTNPOWER,RattanIndia Power Limited,,,INE399K01017,,False
RTSPOWR,RTS Power Corporation Limited,,,INE005C01017,,False
RUBFILA,Rubfila International Limited,,,INE642C01025,,False
RUBICON,Rubicon Research Limited,,,INE506V01022,,False
RUBYMILLS,The Ruby Mills Limited,,,INE301D01026,,False
RUCHINFRA,Ruchi Infrastructure Limited,,,INE413B01023,,False
RUCHIRA,Ruchira Papers Limited,,,INE803H01014,,False
RUDRA,Rudra Global Infra Products Limited,,,INE027T01023,,False
RUPA,Rupa & Company Limited,,,INE895B01021,,False
RUSHIL,Rushil Decor Limited,,,INE573K01025,,False
RUSTOMJEE,Keystone Realtors Limited,,,INE263M01029,,False
RVHL,Ravinder Heights Limited,,,INE09E501017,,False
RVNL,Rail Vikas Nigam Limited,,,INE415G01027,,False
RVTH,Revathi Equipment India Limited,,,INE0DAB01012,,False
S&SPOWER,S&S Power Switchgears Limited,,,INE902B01017,,False
SAATVIKGL,Saatvik Green Energy Limited,,,INE13B501022,,False
SAB,SAB Industries Limited,,,INE137M01017,,False
SADBHAV,Sadbhav Engineering Limited,,,INE226H01026,,False
SADBHIN,Sadbhav Infrastructure Project Limited,,,INE764L01010,,False
SAFARI,Safari Industries (India) Limited,,,INE429E01023,,False
SAGARDEEP,Sagardeep Alloys Limited,,,INE976T01013,,False
SAGCEM,Sagar Cements Limited,,,INE229C01021,,False
SAGILITY,SAGILITY LIMITED,,,INE0W2G01015,,False
SAHLIBHFI,Shalibhadra Finance Limited,,,INE861D01011,,False
SAHYADRI,Sahyadri Industries Limited,,,INE280H01015,,False
SAICAPI,Sai Capital Limited,,,INE531X01018,,False
SAIL,Steel Authority of India Limited,,,INE114A01011,,False
SAILIFE,Sai Life Sciences Limited,,,INE570L01029,,False
SAIPARENT,Sai Parenterals Limited,,,INE0H9F01037,,False
SAKAR,Sakar Healthcare Limited,,,INE732S01012,,False
SAKHTISUG,Sakthi Sugars Limited,,,INE623A01011,,False
SAKSOFT,Saksoft Limited,,,INE667G01023,,False
SAKUMA,Sakuma Exports Limited,,,INE190H01024,,False
SALASAR,Salasar Techno Engineering Limited,,,INE170V01027,,False
SALONA,Salona Cotspin Limited,,,INE498E01010,,False
SALSTEEL,S.A.L. Steel Limited,,,INE658G01014,,False
SALZERELEC,Salzer Electronics Limited,,,INE457F01013,,False
SAMBANDAM,Sambandam Spinning Mills Limited,,,INE304D01012,,False
SAMBHAAV,Sambhaav Media Limited,,,INE699B01027,,False
SAMBHV,Sambhv Steel Tubes Limited,,,INE12NJ01018,,False
SAMHI,Samhi Hotels Limited,,,INE08U801020,,False
SAMMAANCAP,Sammaan Capital Limited,,,INE148I01020,,False
SAMPANN,Sampann Utpadan India Limited,,,INE735M01018,,False
SANATHAN,Sanathan Textiles Limited,,,INE0JPD01013,,False
SANDESH,The Sandesh Limited,,,INE583B01015,,False
SANDHAR,Sandhar Technologies Limited,,,INE278H01035,,False
SANDUMA,Sandur Manganese & Iron Ores Limited,,,INE149K01016,,False
SANGAMIND,Sangam (India) Limited,,,INE495C01010,,False
SANGHVIMOV,Sanghvi Movers Limited,,,INE989A01032,,False
SANOFI,Sanofi India Limited,,,INE058A01010,,False
SANOFICONR,Sanofi Consumer Healthcare India Limited,,,INE0UOS01011,,False
SANSERA,Sansera Engineering Limited,,,INE953O01021,,False
SANSTAR,Sanstar Limited,,,INE08NE01025,,False
SAPPHIRE,Sapphire Foods India Limited,,,INE806T01020,,False
SAPPL,Shree Ajit Pulp & Paper Limited,,,INE185C01017,,False
SARDAEN,Sarda Energy & Minerals Limited,,,INE385C01021,,False
SAREGAMA,Saregama India Limited,,,INE979A01025,,False
SARLAPOLY,Sarla Performance Fibers Limited,,,INE453D01025,,False
SARVESHWAR,Sarveshwar Foods Limited,,,INE324X01026,,False
SASKEN,Sasken Technologies Limited,,,INE231F01020,,False
SATIA,Satia Industries Limited,,,INE170E01023,,False
SATIN,Satin Creditcare Network Limited,,,INE836B01017,,False
SAURASHCEM,Saurashtra Cement Limited,,,INE626A01014,,False
SAYAJIHOTL,Sayaji Hotels Limited,,,INE318C01014,,False
SAYAJIIND,Sayaji Industries Limited,,,INE327G01032,,False
SBC,SBC Exports Limited,,,INE04AK01028,,False
SBCL,Shivalik Bimetal Controls Limited,,,INE386D01027,,False
SBFC,SBFC Finance Limited,,,INE423Y01016,,False
SBGLP,Suratwwala Business Group Limited,,,INE05ST01028,,False
SBICARD,SBI Cards and Payment Services Limited,,,INE018E01016,,False
SBIFUNDS,SBI Funds Management Limited,,,INE640G01020,,False
SBILIFE,SBI Life Insurance Company Limited,,,INE123W01016,,False
SBIN,State Bank of India,,,INE062A01020,,False
SCHAEFFLER,Schaeffler India Limited,,,INE513A01022,,False
SCHAND,S Chand And Company Limited,,,INE807K01035,,False
SCHNEIDER,Schneider Electric Infrastructure Limited,,,INE839M01018,,False
SCI,Shipping Corporation Of India Limited,,,INE109A01011,,False
SCILAL,Shipping Corporation of India Land and Assets Limited,,,INE0PB301013,,False
SCODATUBES,Scoda Tubes Limited,,,INE090501011,,False
SDBL,Som Distilleries & Breweries Limited,,,INE480C01038,,False
SEAMECLTD,Seamec Limited,,,INE497B01018,,False
SECMARK,SecMark Consultancy Limited,,,INE0BTM01013,,False
SECURKLOUD,SECUREKLOUD TECHNOLOGIES LIMITED,,,INE650K01021,,False
SEDEMAC,SEDEMAC Mechatronics Limited,,,INE00XB01019,,False
SEIL,Shanti Educational Initiatives Limited,,,INE440T01028,,False
SEJALLTD,Sejal Glass Limited,,,INE955I01044,,False
SEKURITIND,Saint Gobain Sekurit India Limited,,,INE068B01017,,False
SEMAC,Semac Construction Limited,,,INE617A01013,,False
SENCO,Senco Gold Limited,,,INE602W01027,,False
SENORES,Senores Pharmaceuticals Limited,,,INE0RB801010,,False
SEPC,SEPC Limited,,,INE964H01014,,False
SERVOTECH,Servotech Renewable Power System Limited,,,INE782X01033,,False
SESHAPAPER,Seshasayee Paper and Boards Limited,,,INE630A01024,,False
SETL,Standard Engineering Technology Limited,,,INE0M4D01010,,False
SFL,Sheela Foam Limited,,,INE916U01025,,False
SGFIN,SG Finserve Limited,,,INE618R01015,,False
SGIL,Synergy Green Industries Limited,,,INE00QT01015,,False
SGL,STL Global Limited,,,INE353H01010,,False
SGLRES,SGL Resources Limited,,,INE967B01028,,False
SGMART,SG Mart Limited,,,INE385F01024,,False
SGRL,Shree Ganesh Remedies Limited,,,INE414Y01015,,False
SHADOWFAX,Shadowfax Technologies Limited,,,INE12UN01015,,False
SHAH,Shah Metacorp Limited,,,INE482J01021,,False
SHAILY,Shaily Engineering Plastics Limited,,,INE151G01028,,False
SHAKTIPUMP,Shakti Pumps (India) Limited,,,INE908D01010,,False
SHALBY,Shalby Limited,,,INE597J01018,,False
SHANKARA,Shankara Building Products Limited,,,INE274V01019,,False
SHANKESH,Shankesh Jewellers Limited,,,INE1WFC01025,,False
SHANTI,Shanti Overseas (India) Limited,,,INE933X01016,,False
SHANTIGEAR,Shanthi Gears Limited,,,INE631A01022,,False
SHANTIGOLD,Shanti Gold International Limited,,,INE06ZD01017,,False
SHARDACROP,Sharda Cropchem Limited,,,INE221J01015,,False
SHARDAMOTR,Sharda Motor Industries Limited,,,INE597I01028,,False
SHAREINDIA,Share India Securities Limited,,,INE932X01026,,False
SHBAJRG,Shri Bajrang Alliance Limited,,,INE402H01015,,False
SHERVANI,Shervani Industrial Syndicate Limited,,,INE011D01013,,False
SHILCTECH,Shilchar Technologies Limited,,,INE024F01011,,False
SHILGRAVQ,Shilp Gravures Limited,,,INE960A01017,,False
SHILPAMED,Shilpa Medicare Limited,,,INE790G01031,,False
SHINDL,Sharat Industries Limited,,,INE220Z01013,,False
SHIPROCKET,Shiprocket Limited,,,INE0FOO01011,,False
SHIVAAGRO,Shiva Global Agro Industries Limited,,,INE960E01019,,False
SHIVACEM,Shiva Cement Limited,,,INE555C01029,,False
SHIVALIK,Shivalik Rasayan Limited,,,INE788J01021,,False
SHIVAMAUTO,Shivam Autotech Limited,,,INE637H01024,,False
SHIVAMILLS,Shiva Mills Limited,,,INE644Y01017,,False
SHIVATEX,Shiva Texyarn Limited,,,INE705C01020,,False
SHIVAUM,Shiv Aum Steels Limited,,,INE719F01016,,False
SHK,S H Kelkar and Company Limited,,,INE500L01026,,False
SHOPERSTOP,Shoppers Stop Limited,,,INE498B01024,,False
SHRADDHA,Shraddha Prime Projects Limited,,,INE311M01018,,False
SHRADHA,Shradha Realty Limited,,,INE715Y01031,,False
SHREDIGCEM,Shree Digvijay Cement Co.Ltd,,,INE232A01011,,False
SHREECEM,SHREE CEMENT LIMITED,,,INE070A01015,,False
SHREEJISPG,Shreeji Shipping Global Limited,,,INE1B6101010,,False
SHREEPUSHK,Shree Pushkar Chemicals & Fertilisers Limited,,,INE712K01011,,False
SHREERAMA,Shree Rama Multi-Tech Limited,,,INE879A01019,,False
SHREYANIND,Shreyans Industries Limited,,,INE231C01019,,False
SHRIKRISH,Shri Krishna Devcon Limited,,,INE997I01012,,False
SHRINGARMS,Shringar House of Mangalsutra Limited,,,INE1B3L01017,,False
SHRIPISTON,SPR Auto Technologies Limited,,,INE526E01018,,False
SHRIRAMFIN,Shriram Finance Limited,,,INE721A01047,,False
SHRIRAMPPS,Shriram Properties Limited,,,INE217L01019,,False
SHRJAGP,Shri Jagdamba Polymers Limited,,,INE564J01026,,False
SHUKRAPHAR,Shukra Pharmaceuticals Limited,,,INE551C01044,,False
SHYAMMETL,Shyam Metalics and Energy Limited,,,INE810G01011,,False
SHYAMTEL,Shyam Telecom Limited,,,INE635A01023,,False
SICAGEN,Sicagen India Limited,,,INE176J01011,,False
SIEL,Superior Industrial Enterprises Limited,,,INE843L01012,,False
SIEMENS,Siemens Limited,,,INE003A01024,,False
SIGACHI,Sigachi Industries Limited,,,INE0D0K01022,,False
SIGMA,Sigma Solve Limited,,,INE0A0S01028,,False
SIGNATURE,Signatureglobal (India) Limited,,,INE903U01023,,False
SIGNPOST,Signpost India Limited,,,INE0KGZ01021,,False
SIKA,Sika Interplant Systems Limited,,,INE438E01032,,False
SIL,Standard Industries Limited,,,INE173A01025,,False
SILGO,Silgo Retail Limited,,,INE01II01013,,False
SILINV,SIL Investments Limited,,,INE923A01015,,False
SILVERTUC,Silver Touch Technologies Limited,,,INE625X01026,,False
SIMPLEXINF,Simplex Infrastructures Limited,,,INE059B01024,,False
SIMPLXREA,Simplex Realty Limited,,,INE167H01014,,False
SINCLAIR,Sinclairs Hotels Limited,,,INE985A01022,,False
SINDHUTRAD,Sindhu Trade Links Limited,,,INE325D01025,,False
SINGERIND,Singer India Limited,,,INE638A01035,,False
SINTERCOM,Sintercom India Limited,,,INE129Z01016,,False
SIRCA,Sirca Paints India Limited,,,INE792Z01011,,False
SIS,SIS LIMITED,,,INE285J01028,,False
SIYSIL,Siyaram Silk Mills Limited,,,INE076B01028,,False
SJS,S.J.S. Enterprises Limited,,,INE284S01014,,False
SJVN,SJVN Limited,,,INE002L01015,,False
SKFINDIA,SKF India Limited,,,INE640A01023,,False
SKFINDUS,SKF India (Industrial) Limited,,,INE2J8701016,,False
SKIPPER,Skipper Limited,,,INE439E01022,,False
SKMEGGPROD,SKM Egg Products Export (India) Limited,,,INE411D01023,,False
SKYGOLD,SKY GOLD AND DIAMONDS LIMITED,,,INE01IU01018,,False
SKYWAYS,Skyways Air Services Limited,,,INE0PX301025,,False
SMARTWORKS,Smartworks Coworking Spaces Limited,,,INE0NAZ01010,,False
SMCGLOBAL,SMC Global Securities Limited,,,INE103C01036,,False
SMLMAH,SML Mahindra Limited,,,INE294B01019,,False
SMLT,Sarthak Metals Limited,,,INE017W01010,,False
SMSPHARMA,SMS Pharmaceuticals Limited,,,INE812G01025,,False
SNOWMAN,Snowman Logistics Limited,,,INE734N01019,,False
SOBHA,Sobha Limited,,,INE671H01015,,False
SOFTTECH,Softtech Engineers Limited,,,INE728Z01015,,False
SOLARA,Solara Active Pharma Sciences Limited,,,INE624Z01016,,False
SOLARINDS,Solar Industries India Limited,,,INE343H01029,,False
SOLARWORLD,Solarworld Energy Solutions Limited,,,INE0TY101024,,False
SOLEX,Solex Energy Limited,,,INE880Y01017,,False
SOMANYCERA,Somany Ceramics Limited,,,INE355A01028,,False
SOMATEX,Soma Textiles & Industries Limited,,,INE314C01013,,False
SOMICONVEY,Somi Conveyor Beltings Limited,,,INE323J01019,,False
SONACOMS,Sona BLW Precision Forgings Limited,,,INE073K01018,,False
SONAL,Sonal Mercantile Limited,,,INE321M01017,,False
SONATSOFTW,Sonata Software Limited,,,INE269A01021,,False
SOTL,Savita Oil Technologies Limited,,,INE035D01020,,False
SOUTHBANK,The South Indian Bank Limited,,,INE683A01023,,False
SOUTHWEST,South West Pinnacle Exploration Limited,,,INE980Y01015,,False
SPAL,S. P. Apparels Limited,,,INE212I01016,,False
SPANDANA,Spandana Sphoorty Financial Limited,,,INE572J01011,,False
SPARC,Sun Pharma Advanced Research Company Limited,,,INE232I01014,,False
SPCENET,Spacenet Enterprises India Limited,,,INE970N01027,,False
SPENCERS,Spencer's Retail Limited,,,INE020801028,,False
SPIC,Southern Petrochemicals Industries Corporation  Limited,,,INE147A01011,,False
SPLIL,SPL Industries Limited,,,INE978G01016,,False
SPLPETRO,Supreme Petrochem Limited,,,INE663A01033,,False
SPMLINFRA,SPML Infra Limited,,,INE937A01023,,False
SPORTKING,Sportking India Limited,,,INE885H01029,,False
SRD,Shankar Lal Rampal Dye-Chem Limited,,,INE01NE01012,,False
SRF,SRF Limited,,,INE647A01010,,False
SRGHFL,SRG Housing Finance Limited,,,INE559N01010,,False
SRHHYPOLTD,Sree Rayalaseema Hi-Strength Hypo Limited,,,INE917H01012,,False
SRM,SRM Contractors Limited,,,INE0R6Z01013,,False
SRTL,Shree Ram Twistex Limited,,,INE19GK01015,,False
SSDL,Saraswati Saree Depot Limited,,,INE0PQ101010,,False
SSWL,Steel Strips Wheels Limited,,,INE802C01033,,False
STANLEY,Stanley Lifestyles Limited,,,INE01A001028,,False
STAR,Strides Pharma Science Limited,,,INE939A01011,,False
STARCEMENT,Star Cement Limited,,,INE460H01021,,False
STARHEALTH,Star Health and Allied Insurance Company Limited,,,INE575P01011,,False
STARPAPER,Star Paper Mills Limited,,,INE733A01018,,False
STARTECK,Starteck Finance Limited,,,INE992I01013,,False
STCINDIA,The State Trading Corporation of India Limited,,,INE655A01013,,False
STEAMHOUSE,Steamhouse India Limited,,,INE0FRO01022,,False
STEELCAS,Steelcast Limited,,,INE124E01038,,False
STEELCITY,Steel City Securities Limited,,,INE395H01011,,False
STEELXIND,STEEL EXCHANGE INDIA LIMITED,,,INE503B01021,,False
STEL,Stel Holdings Limited,,,INE577L01016,,False
STLNETWORK,STL Networks Limited,,,INE1VXE01018,,False
STLSTRINF,Steel Strips Infrastructures Limited,,,INE205F01016,,False
STOVEKRAFT,Stove Kraft Limited,,,INE00IN01015,,False
STUDDS,Studds Accessories Limited,,,INE00Q601028,,False
STYL,Seshaasai Technologies Limited,,,INE04VU01023,,False
STYLAMIND,Stylam Industries Limited,,,INE239C01020,,False
STYLEBAAZA,Baazar Style Retail Limited,,,INE01FR01028,,False
STYRENIX,Styrenix Performance Materials Limited,,,INE189B01011,,False
SUBEXLTD,Subex Limited,,,INE754A01055,,False
SUBROS,Subros Limited,,,INE287B01021,,False
SUDARCOLOR,Sudarshan Colorants India Limited,,,INE492A01029,,False
SUDARSCHEM,Sudarshan Chemical Industries Limited,,,INE659A01023,,False
SUDEEPPHRM,Sudeep Pharma Limited,,,INE0QPI01025,,False
SUKHJITS,Sukhjit Starch & Chemicals Limited,,,INE450E01029,,False
SULA,Sula Vineyards Limited,,,INE142Q01026,,False
SUMEDHA,Sumedha Fiscal Services Limited,,,INE886B01012,,False
SUMEETINDS,Sumeet Industries Limited,,,INE235C01036,,False
SUMICHEM,Sumitomo Chemical India Limited,,,INE258G01013,,False
SUMIT,Sumit Woods Limited,,,INE748Z01013,,False
SUMMITSEC,Summit Securities Limited,,,INE519C01017,,False
SUNCLAY,Sundaram Clayton Limited,,,INE0Q3R01026,,False
SUNDARAM,Sundaram Multi Pap Limited,,,INE108E01023,,False
SUNDARMFIN,Sundaram Finance Limited,,,INE660A01013,,False
SUNDRMFAST,Sundram Fasteners Limited,,,INE387A01021,,False
SUNDROP,Sundrop Brands Limited,,,INE209A01019,,False
SUNFLAG,Sunflag Iron And Steel Company Limited,,,INE947A01014,,False
SUNLOC,Sunil Healthcare Limited,,,INE671C01016,,False
SUNPHARMA,Sun Pharmaceutical Industries Limited,,,INE044A01036,,False
SUNRAKSHAK,Sunrakshakk Industries India Limited,,,INE671K01027,,False
SUNSHIEL,Sunshield Chemicals Limited,,,INE199E01014,,False
SUNSHINE,Sunshine Pictures Limited,,,INE1B3O01011,,False
SUNTECK,Sunteck Realty Limited,,,INE805D01034,,False
SUNTV,Sun TV Network Limited,,,INE424H01027,,False
SUPERHOUSE,Superhouse Limited,,,INE712B01010,,False
SUPRAJIT,Suprajit Engineering Limited,,,INE399C01030,,False
SUPREME,Supreme Holdings & Hospitality (India) Limited,,,INE822E01011,,False
SUPREMEIND,Supreme Industries Limited,,,INE195A01028,,False
SUPREMEINF,Supreme Infrastructure India Limited,,,INE550H01011,,False
SUPRIYA,Supriya Lifescience Limited,,,INE07RO01027,,False
SURAJEST,Suraj Estate Developers Limited,,,INE843S01025,,False
SURAJLTD,Suraj Limited,,,INE713C01016,,False
SURAKSHA,Suraksha Diagnostic Limited,,,INE877V01027,,False
SURANASOL,Surana Solar Limited,,,INE272L01022,,False
SURANAT&P,Surana Telecom and Power Limited,,,INE130B01031,,False
SURYALA,Suryalata Spinning Mills Limited,,,INE132C01027,,False
SURYALAXMI,Suryalakshmi Cotton Mills Limited,,,INE713B01026,,False
SURYAROSNI,Surya Roshni Limited,,,INE335A01020,,False
SURYODAY,Suryoday Small Finance Bank Limited,,,INE428Q01011,,False
SUVEN,Suven Life Sciences Limited,,,INE495B01038,,False
SUVIDHAA,Suvidhaa Infoserve Limited,,,INE018401013,,False
SUYOG,Suyog Telematics Limited,,,INE442P01014,,False
SUZLON,Suzlon Energy Limited,,,INE040H01021,,False
SVGLOBAL,S V Global Mill Limited,,,INE159L01013,,False
SVLL,Shree Vasu Logistics Limited,,,INE00CE01017,,False
SVPGLOB,SVP GLOBAL TEXTILES LIMITED,,,INE308E01029,,False
SWANCORP,SWAN CORP LIMITED,,,INE665A01038,,False
SWARAJENG,Swaraj Engines Limited,,,INE277A01016,,False
SWARNSAR,Swarnsarita Jewels India Limited,,,INE967A01012,,False
SWELECTES,Swelect Energy Systems Limited,,,INE409B01013,,False
SWIGGY,Swiggy Limited,,,INE00H001014,,False
SWSOLAR,Sterling and Wilson Renewable Energy Limited,,,INE00M201021,,False
SYMBIOTEC,Symbiotec Pharmalab Limited,,,INE899I01028,,False
SYMPHONY,Symphony Limited,,,INE225D01027,,False
SYNCOMF,Syncom Formulations (India) Limited,,,INE312C01025,,False
SYNGENE,Syngene International Limited,,,INE398R01022,,False
SYRMA,Syrma SGS Technology Limited,,,INE0DYJ01015,,False
TAALTECH,Taal Tech Limited,,,INE524T01011,,False
TAINWALCHM,Tainwala Chemical and Plastic (I) Limited,,,INE123C01018,,False
TAJGVK,Taj GVK Hotels & Resorts Limited,,,INE586B01026,,False
TAKE,TAKE Limited,,,INE142I01023,,False
TALBROAUTO,Talbros Automotive Components Limited,,,INE187D01029,,False
TANAA,Taneja Aerospace & Aviation Limited,,,INE692C01020,,False
TANLA,Tanla Platforms Limited,,,INE483C01032,,False
TARACHAND,Tara Chand InfraLogistic Solutions Limited,,,INE555Z01020,,False
TARAPUR,Tarapur Transformers Limited,,,INE747K01017,,False
TARC,TARC Limited,,,INE0EK901012,,False
TARIL,Transformers And Rectifiers (India) Limited,,,INE763I01026,,False
TARMAT,Tarmat Limited,,,INE924H01018,,False
TARSONS,Tarsons Products Limited,,,INE144Z01023,,False
TASTYBITE,Tasty Bite Eatables Limited,,,INE488B01017,,False
TATACAP,Tata Capital Limited,,,INE976I01016,,False
TATACHEM,Tata Chemicals Limited,,,INE092A01019,,False
TATACOMM,Tata Communications Limited,,,INE151A01013,,False
TATACONSUM,TATA CONSUMER PRODUCTS LIMITED,,,INE192A01025,,False
TATAELXSI,Tata Elxsi Limited,,,INE670A01012,,False
TATAINVEST,Tata Investment Corporation Limited,,,INE672A01026,,False
TATAPOWER,Tata Power Company Limited,,,INE245A01021,,False
TATASTEEL,Tata Steel Limited,,,INE081A01020,,False
TATATECH,Tata Technologies Limited,,,INE142M01025,,False
TATVA,Tatva Chintan Pharma Chem Limited,,,INE0GK401011,,False
TBOTEK,TBO Tek Limited,,,INE673O01025,,False
TBZ,Tribhovandas Bhimji Zaveri Limited,,,INE760L01018,,False
TCC,TCC Concept Limited,,,INE887D01024,,False
TCI,Transport Corporation of India Limited,,,INE688A01022,,False
TCIEXP,TCI Express Limited,,,INE586V01016,,False
TCIFINANCE,TCI Finance Limited,,,INE911B01018,,False
TCPLPACK,TCPL Packaging Limited,,,INE822C01015,,False
TCS,Tata Consultancy Services Limited,,,INE467B01029,,False
TDPOWERSYS,TD Power Systems Limited,,,INE419M01035,,False
TEAMGTY,Team India Guaranty Limited,,,INE289C01025,,False
TEAMLEASE,Teamlease Services Limited,,,INE985S01024,,False
TECHM,Tech Mahindra Limited,,,INE669C01036,,False
TECHNOCRAF,Technocraft Ventures Limited,,,INE1D0W01018,,False
TECHNOE,Techno Electric & Engineering Company Limited,,,INE285K01026,,False
TECHNVISN,TechNVision Ventures Limited,,,INE314H01012,,False
TECILCHEM,TECIL Chemicals and Hydro Power Limited,,,INE014B01011,,False
TEGA,Tega Industries Limited,,,INE011K01018,,False
TEJASNET,Tejas Networks Limited,,,INE010J01012,,False
TEMBO,Tembo Global Industries Limited,,,INE869Y01028,,False
TEMPSENS,Tempsens Instruments (India) Limited,,,INE1KZI01025,,False
TENNIND,Tenneco Clean Air India Limited,,,INE19RI01016,,False
TERAI,Terai Tea Company Limited,,,INE390D01011,,False
TERASOFT,Tera Software Limited,,,INE482B01010,,False
TEXINFRA,Texmaco Infrastructure & Holdings Limited,,,INE435C01024,,False
TEXMOPIPES,Texmo Pipes and Products Limited,,,INE141K01013,,False
TEXRAIL,Texmaco Rail & Engineering Limited,,,INE621L01012,,False
TFCILTD,Tourism Finance Corporation of India Limited,,,INE305A01023,,False
TFL,Transwarranty Finance Limited,,,INE804H01012,,False
TGBHOTELS,TGB Banquets And Hotels Limited,,,INE797H01018,,False
TGVSL,TGV Sraac Limited,,,INE284B01028,,False
THACKER,Thacker & Company Limited,,,INE077P01034,,False
THAKDEV,Thakkers Developers Limited,,,INE403F01017,,False
THANGAMAYL,Thangamayil Jewellery Limited,,,INE085J01014,,False
THEINVEST,The Investment Trust Of India Limited,,,INE924D01017,,False
THEJO,Thejo Engineering Limited,,,INE121N01019,,False
THELEELA,Leela Palaces Hotels & Resorts Limited,,,INE0AQ201015,,False
THEMISMED,Themis Medicare Limited,,,INE083B01024,,False
THERMAX,Thermax Limited,,,INE152A01029,,False
THOMASCOOK,Thomas Cook  (India)  Limited,,,INE332A01027,,False
THOMASCOTT,Thomas Scott (India) Limited,,,INE480M01011,,False
THYROCARE,Thyrocare Technologies Limited,,,INE594H01019,,False
TI,Tilaknagar Industries Limited,,,INE133E01013,,False
TIGERLOGS,Tiger Logistics (India) Limited,,,INE906O01029,,False
TIIL,Technocraft Industries (India) Limited,,,INE545H01011,,False
TIINDIA,Tube Investments of India Limited,,,INE974X01010,,False
TIMETECHNO,Time Technoplast Limited,,,INE508G01029,,False
TIMEX,Timex Group India Limited,,,INE064A01026,,False
TIMKEN,Timken India Limited,,,INE325A01013,,False
TINNARUBR,Tinna Rubber and Infrastructure Limited,,,INE015C01016,,False
TIPSFILMS,Tips Films Limited,,,INE0LQS01015,,False
TIPSMUSIC,Tips Music Limited,,,INE716B01029,,False
TIRUMALCHM,Thirumalai Chemicals Limited,,,INE338A01024,,False
TITAGARH,TITAGARH RAIL SYSTEMS LIMITED,,,INE615H01020,,False
TITAN,Titan Company Limited,,,INE280A01028,,False
TMB,Tamilnad Mercantile Bank Limited,,,INE668A01016,,False
TMCV,Tata Motors Limited,,,INE1TAE01010,,False
TMPV,Tata Motors Passenger Vehicles Limited,,,INE155A01022,,False
TNPETRO,Tamilnadu PetroProducts Limited,,,INE148A01019,,False
TNPL,Tamil Nadu Newsprint & Papers Limited,,,INE107A01015,,False
TNTELE,Tamilnadu Telecommunication Limited,,,INE141D01018,,False
TOKYOPLAST,Tokyo Plast International Limited,,,INE932C01012,,False
TOLINS,Tolins Tyres Limited,,,INE0RWQ01014,,False
TORNTPHARM,Torrent Pharmaceuticals Limited,,,INE685A01028,,False
TORNTPOWER,Torrent Power Limited,,,INE813H01021,,False
TOUCHWOOD,Touchwood Entertainment Limited,,,INE486Y01013,,False
TOYAMSL,Toyam Sports Limited,,,INE457P01020,,False
TPLPLASTEH,TPL Plastech Limited,,,INE413G01022,,False
TRACXN,Tracxn Technologies Limited,,,INE0HMF01019,,False
TRANSCOR,Transcorp International Limited,,,INE330E01023,,False
TRANSRAILL,Transrail Lighting Limited,,,INE454P01035,,False
TRAVELFOOD,Travel Food Services Limited,,,INE103V01028,,False
TREEHOUSE,Tree House Education & Accessories Limited,,,INE040M01013,,False
TREJHARA,TREJHARA SOLUTIONS LIMITED,,,INE00CA01015,,False
TREL,Transindia Real Estate Limited,,,INE0O3901029,,False
TRENT,Trent Limited,,,INE849A01020,,False
TRF,TRF Limited,,,INE391D01019,,False
TRIDENT,Trident Limited,,,INE064C01022,,False
TRIGYN,Trigyn Technologies Limited,,,INE948A01012,,False
TRITONV,Triton Valves Limited,,,INE440G01017,,False
TRITURBINE,Triveni Turbine Limited,,,INE152M01016,,False
TRIVENI,Triveni Engineering & Industries Limited,,,INE256C01024,,False
TRU,TruCap Finance Limited,,,INE615R01029,,False
TRUALT,TruAlt Bioenergy Limited,,,INE0MWH01014,,False
TSFINV,TSF INVESTMENTS LIMITED,,,INE202Z01029,,False
TTKHLTCARE,TTK Healthcare Limited,,,INE910C01018,,False
TTKPRESTIG,TTK Prestige Limited,,,INE690A01028,,False
TTL,T T Limited,,,INE592B01024,,False
TTML,Tata Teleservices (Maharashtra) Limited,,,INE517B01013,,False
TURTLEMINT,Turtlemint Fintech Solutions Limited,,,INE0OC301013,,False
TUTIALKA,Tuticorin Alkali Chemicals & Fertilizers Limited,,,INE400A01014,,False
TVSELECT,TVS Electronics Limited,,,INE236G01019,,False
TVSHLTD,TVS Holdings Limited,,,INE105A01035,,False
TVSMOTOR,TVS Motor Company Limited,,,INE494B01023,,False
TVSSCS,TVS Supply Chain Solutions Limited,,,INE395N01027,,False
TVSSRICHAK,TVS Srichakra Limited,,,INE421C01016,,False
TVTODAY,TV Today Network Limited,,,INE038F01029,,False
UBL,United Breweries Limited,,,INE686F01025,,False
UCOBANK,UCO Bank,,,INE691A01018,,False
UDAYJEW,Uday Jewellery Industries Limited,,,INE551B01012,,False
UDS,Updater Services Limited,,,INE851I01011,,False
UEL,Ujaas Energy Limited,,,INE899L01030,,False
UFLEX,UFLEX Limited,,,INE516A01017,,False
UFO,UFO Moviez India Limited,,,INE527H01019,,False
UGARSUGAR,The Ugar Sugar Works Limited,,,INE071E01023,,False
UGROCAP,Ugro Capital Limited,,,INE583D01011,,False
UJJIVANSFB,Ujjivan Small Finance Bank Limited,,,INE551W01018,,False
ULTRACEMCO,UltraTech Cement Limited,,,INE481G01011,,False
ULTRAMAR,Ultramarine & Pigments Limited,,,INE405A01021,,False
UMESLTD,Usha Martin Education & Solutions Limited,,,INE240C01028,,False
UMIYA-MRO,UMIYA BUILDCON LIMITED,,,INE398B01018,,False
UNICHEMLAB,Unichem Laboratories Limited,,,INE351A01035,,False
UNIDT,United Drilling Tools Limited,,,INE961D01019,,False
UNIECOM,Unicommerce Esolutions Limited,,,INE00U401027,,False
UNIENTER,Uniphos Enterprises Limited,,,INE037A01022,,False
UNIINFO,Uniinfo Telecom Services Limited,,,INE481Z01011,,False
UNIMECH,Unimech Aerospace and Manufacturing Limited,,,INE0U3I01011,,False
UNIONBANK,Union Bank of India,,,INE692A01016,,False
UNIPARTS,Uniparts India Limited,,,INE244O01017,,False
UNITDSPR,United Spirits Limited,,,INE854D01024,,False
UNITECH,Unitech Limited,,,INE694A01020,,False
UNITEDPOLY,United Polyfab Gujarat Limited,,,INE368U01029,,False
UNITEDTEA,The United Nilgiri Tea Estates Company Limited,,,INE458F01011,,False
UNIVCABLES,Universal Cables Limited,,,INE279A01012,,False
UNOMINDA,UNO Minda Limited,,,INE405E01023,,False
UPHOT,U P Hotels Limited,,,INE726E01014,,False
UPL,UPL Limited,,,INE628A01036,,False
URBANCO,Urban Company Limited,,,INE0CAZ01013,,False
URJA,Urja Global Limited,,,INE550C01020,,False
USHAMART,Usha Martin Limited,,,INE228A01035,,False
USK,Udayshivakumar Infra Limited,,,INE0N0Y01013,,False
UTIAMC,UTI Asset Management Company Limited,,,INE094J01016,,False
UTKARSHBNK,Utkarsh Small Finance Bank Limited,,,INE735W01017,,False
UTLSOLAR,Fujiyama Power Systems Limited,,,INE12UR01024,,False
UTTAMSUGAR,Uttam Sugar Mills Limited,,,INE786F01031,,False
V2RETAIL,V2 Retail Limited,,,INE945H01021,,False
VADILALIND,Vadilal Industries Limited,,,INE694D01016,,False
VADILENT,Vadilal Enterprises Limited,,,INE693D01018,,False
VAIBHAVGBL,Vaibhav Global Limited,,,INE884A01027,,False
VAISHALI,Vaishali Pharma Limited,,,INE972X01022,,False
VAKRANGEE,Vakrangee Limited,,,INE051B01021,,False
VAML,Vedanta Aluminium Metal Limited,,,INE1CDF01017,,False
VARDMNPOLY,Vardhman Polytex Limited,,,INE835A01029,,False
VARROC,Varroc Engineering Limited,,,INE665L01035,,False
VASCONEQ,Vascon Engineers Limited,,,INE893I01013,,False
VASUPRADA,Shri Vasuprada Plantations Limited,,,INE574G01013,,False
VASWANI,Vaswani Industries Limited,,,INE590L01019,,False
VBL,Varun Beverages Limited,,,INE200M01039,,False
VEDAVAAG,VEDAVAAG Systems Limited,,,INE359B01010,,False
VEDL,Vedanta Limited,,,INE205A01025,,False
VEDPOWER,Vedanta Power Limited,,,INE694L01019,,False
VEEDOL,Veedol Corporation Limited,,,INE484C01030,,False
VENKEYS,Venky's (India) Limited,,,INE398A01010,,False
VENTIVE,Ventive Hospitality Limited,,,INE781S01027,,False
VENUSPIPES,Venus Pipes & Tubes Limited,,,INE0JA001018,,False
VERANDA,Veranda Learning Solutions Limited,,,INE0IQ001011,,False
VERTOZ,Vertoz Limited,,,INE188Y01031,,False
VESUVIUS,Vesuvius India Limited,,,INE386A01023,,False
VGCL,Vibrant Global Capital Limited,,,INE761Q01015,,False
VGL,VARVEE GLOBAL LIMITED,,,INE273D01027,,False
VGUARD,V-Guard Industries Limited,,,INE951I01027,,False
VHL,Vardhman Holdings Limited,,,INE701A01023,,False
VIDHIING,Vidhi Specialty Food Ingredients Limited,,,INE632C01026,,False
VIDYAWIRES,Vidya Wires Limited,,,INE14UN01029,,False
VIJAYA,Vijaya Diagnostic Centre Limited,,,INE043W01024,,False
VIJSOLX,Vijay Solvex Limited,,,INE362D01010,,False
VIKASECO,Vikas EcoTech Limited,,,INE806A01020,,False
VIKASLIFE,Vikas Lifecare Limited,,,INE161L01027,,False
VIKRAMSOLR,Vikram Solar Limited,,,INE078V01014,,False
VIKRAN,Vikran Engineering Limited,,,INE01R501028,,False
VIMTALABS,Vimta Labs Limited,,,INE579C01029,,False
VINATIORGA,Vinati Organics Limited,,,INE410B01037,,False
VINCOFE,Vintage Coffee And Beverages Limited,,,INE498Q01014,,False
VINDHYATEL,Vindhya Telelinks Limited,,,INE707A01012,,False
VINEETLAB,Vineet Laboratories Limited,,,INE505Y01010,,False
VINNY,Vinny Overseas Limited,,,INE01KI01027,,False
VINYLINDIA,Vinyl Chemicals (India) Limited,,,INE250B01029,,False
VIPCLOTHNG,VIP Clothing Limited,,,INE450G01024,,False
VIPIND,VIP Industries Limited,,,INE054A01027,,False
VIRAT,Virat Industries Limited,,,INE467D01017,,False
VIRINCHI,Virinchi Limited,,,INE539B01017,,False
VISACHROME,VISA Chrome Limited,,,INE286H01012,,False
VISAKAIND,Visaka Industries Limited,,,INE392A01021,,False
VISHAL,Vishal Fabrics Limited,,,INE755Q01025,,False
VISHNU,Vishnu Chemicals Limited,,,INE270I01022,,False
VISHWARAJ,Vishwaraj Sugar Industries Limited,,,INE430N01022,,False
VISL,Vedanta Iron and Steel Limited,,,INE1CLE01013,,False
VITAL,Vital Chemtech Limited,,,INE0L4K01016,,False
VIVIANA,Viviana Power Tech Limited,,,INE0MEG01014,,False
VIVIDHA,Visagar Polytex Limited,,,INE370E01029,,False
VIVOBIOT,Vivo Bio Tech Limited,,,INE380K01017,,False
VIYASH,Viyash Scientific Limited,,,INE807F01027,,False
VLEGOV,VL E-Governance & IT Solutions Limited,,,INE03HW01020,,False
VLSFINANCE,VLS Finance Limited,,,INE709A01018,,False
VMART,V-Mart Retail Limited,,,INE665J01013,,False
VMM,Vishal Mega Mart Limited,,,INE01EA01019,,False
VMSTMT,VMS TMT Limited,,,INE0SJA01013,,False
VOEPL,Virtuoso Optoelectronics Limited,,,INE0I0T01010,,False
VOGL,Vedanta Oil and Gas Limited,,,INE704J01044,,False
VOITHPAPR,Voith Paper Fabrics India Limited,,,INE285C01015,,False
VOLTAMP,Voltamp Transformers Limited,,,INE540H01012,,False
VOLTAS,Voltas Limited,,,INE226A01021,,False
VPRPL,Vishnu Prakash R Punglia Limited,,,INE0AE001013,,False
VRAJ,Vraj Iron and Steel Limited,,,INE0S2V01010,,False
VRLLOG,VRL Logistics Limited,,,INE366I01010,,False
VSSL,Vardhman Special Steels Limited,,,INE050M01012,,False
VSTIND,VST Industries Limited,,,INE710A01016,,False
VSTL,Vibhor Steel Tubes Limited,,,INE0QTF01015,,False
VSTTILLERS,V.S.T Tillers Tractors Limited,,,INE764D01017,,False
VTL,Vardhman Textiles Limited,,,INE825A01020,,False
VTMLTD,VTM Limited,,,INE222F01029,,False
WAAREEENER,Waaree Energies Limited,,,INE377N01017,,False
WAAREEINDO,Indosolar Limited,,,INE866K01023,,False
WAAREERTL,Waaree Renewable Technologies Limited,,,INE299N01021,,False
WABAG,VA Tech Wabag Limited,,,INE956G01038,,False
WAKEFIT,Wakefit Innovations Limited,,,INE0E7301029,,False
WALCHANNAG,Walchandnagar Industries Limited,,,INE711A01022,,False
WANBURY,Wanbury Limited,,,INE107F01022,,False
WARDINMOBI,Wardwizard Innovations & Mobility Limited,,,INE945P01024,,False
WATERBASE,Waterbase Limited,,,INE054C01015,,False
WCIL,Western Carriers (India) Limited,,,INE0CJF01024,,False
WEALTH,Wealth First Portfolio Managers Limited,,,INE658T01017,,False
WEBELSOLAR,Websol Energy System Limited,,,INE855C01023,,False
WEIZMANIND,Weizmann Limited,,,INE080A01014,,False
WEL,Wonder Electricals Limited,,,INE02WG01024,,False
WELCORP,Welspun Corp Limited,,,INE191B01025,,False
WELENT,Welspun Enterprises Limited,,,INE625G01013,,False
WELSPLSOL,Welspun Specialty Solutions Limited,,,INE731F01037,,False
WELSPUNLIV,Welspun Living Limited,,,INE192B01031,,False
WENDT,Wendt (India) Limited,,,INE274C01019,,False
WESTLIFE,WESTLIFE FOODWORLD LIMITED,,,INE274F01020,,False
WEWIN,WE WIN LIMITED,,,INE082W01014,,False
WEWORK,WeWork India Management Limited,,,INE085001019,,False
WHBRADY,WH Brady & Company Limited,,,INE855A01019,,False
WHEELS,Wheels India Limited,,,INE715A01015,,False
WHIRLPOOL,Whirlpool of India Limited,,,INE716A01013,,False
WILLAMAGOR,Williamson Magor & Company Limited,,,INE210A01017,,False
WINDLAS,Windlas Biotech Limited,,,INE0H5O01029,,False
WINDMACHIN,Windsor Machines Limited,,,INE052A01021,,False
WIPL,The Western India Plywoods Limited,,,INE215F01023,,False
WIPRO,Wipro Limited,,,INE075A01022,,False
WOCKPHARMA,Wockhardt Limited,,,INE049B01025,,False
WONDERLA,Wonderla Holidays Limited,,,INE066O01014,,False
WORTHPERI,Worth Peripherals Limited,,,INE196Y01018,,False
WPIL,WPIL Limited,,,INE765D01022,,False
WSI,W S Industries (I) Limited,,,INE100D01014,,False
WSTCSTPAPR,West Coast Paper Mills Limited,,,INE976A01021,,False
XCHANGING,Xchanging Solutions Limited,,,INE692G01013,,False
XELPMOC,Xelpmoc Design And Tech Limited,,,INE01P501012,,False
XPROINDIA,Xpro India Limited,,,INE445C01015,,False
XTGLOBAL,Xtglobal Infotech Limited,,,INE547B01028,,False
XTRANET,Xtranet Technologies Limited,,,INE0NG701011,,False
YASHO,Yasho Industries Limited,,,INE616Z01012,,False
YATHARTH,Yatharth Hospital & Trauma Care Services Limited,,,INE0JO301016,,False
YATRA,Yatra Online Limited,,,INE0JR601024,,False
YESBANK,Yes Bank Limited,,,INE528G01035,,False
YOGI,Yogi Limited,,,INE290E01011,,False
YUKEN,Yuken India Limited,,,INE384C01016,,False
ZAGGLE,Zaggle Prepaid Ocean Services Limited,,,INE07K301024,,False
ZEEL,Zee Entertainment Enterprises Limited,,,INE256A01028,,False
ZEELEARN,Zee Learn Limited,,,INE565L01011,,False
ZEEMEDIA,Zee Media Corporation Limited,,,INE966H01019,,False
ZENITHEXPO,Zenith Exports Limited,,,INE058B01018,,False
ZENITHSTL,Zenith Steel Pipes & Industries Limited,,,INE318D01020,,False
ZENSARTECH,Zensar Technologies Limited,,,INE520A01027,,False
ZENTEC,Zen Technologies Limited,,,INE251B01027,,False
ZFCVINDIA,ZF Commercial Vehicle Control Systems India Limited,,,INE342J01019,,False
ZFSTEERING,ZF Steering Gear (India) Limited,,,INE116C01012,,False
ZIMLAB,Zim Laboratories Limited,,,INE518E01015,,False
ZODIAC,Zodiac Energy Limited,,,INE761Y01019,,False
ZODIACLOTH,Zodiac Clothing Company Limited,,,INE206B01013,,False
ZOTA,Zota Health Care LImited,,,INE358U01012,,False
ZSARACOM,Saraswati Commercial India Limited,,,INE967G01019,,False
ZUARI,Zuari Agro Chemicals Limited,,,INE840M01016,,False
ZUARIIND,ZUARI INDUSTRIES LIMITED,,,INE217A01012,,False
ZYDUSLIFE,Zydus Lifesciences Limited,,,INE010B01027,,False
ZYDUSWELL,Zydus Wellness Limited,,,INE768C01028,,False
